opcode, address
3, 69728176
2, 1
3, 34863024
3, 69727112
2, 2
0, 69728176
0, 69728176
3, 17430448
3, 34861960
2, 2
0, 34863024
0, 34863024
3, 8714160
3, 17429384
2, 2
0, 17430448
0, 17430448
3, 4356016
3, 8713096
2, 2
0, 8714160
0, 8714160
3, 2176944
3, 4354952
2, 2
0, 4356016
0, 4356016
3, 1087408
3, 2175880
2, 2
0, 2176944
0, 2176944
3, 542640
3, 1086344
2, 2
0, 1087408
0, 1087408
3, 270256
3, 541576
2, 2
0, 542640
0, 542640
3, 134064
3, 269192
2, 2
0, 270256
0, 270256
3, 65968
3, 133000
2, 2
0, 134064
0, 134064
3, 31920
3, 64904
2, 2
0, 65968
0, 65968
3, 14896
3, 30856
2, 2
0, 31920
0, 31920
3, 6384
3, 13832
2, 2
0, 14896
0, 14896
3, 2128
3, 5320
2, 2
0, 6384
0, 6384
3, 0
3, 1064
2, 2
0, 2128
0, 2128
0, 0
