4, 0x38290, 0
4, 0x382d0, 1
4, 0x38310, 2
4, 0x38350, 3
4, 0x38390, 4
4, 0x383d0, 5
4, 0x38410, 6
4, 0x38450, 7
4, 0x3a2c0, 0
4, 0x3a300, 1
4, 0x3a340, 2
4, 0x3a380, 3
4, 0x3a3c0, 4
4, 0x3a400, 5
4, 0x3a440, 6
4, 0x3a480, 7
2, 2
3, 0
3, 0
3, 0
3, 0
3, 0
3, 0
3, 0
3, 0
3, 0
3, 0
3, 0
3, 0
3, 0
3, 0
3, 0
3, 0
1, 0x3a2c0
4, 0x38490, 0
4, 0x384d0, 1
4, 0x38510, 2
4, 0x38550, 3
4, 0x38590, 4
4, 0x385d0, 5
4, 0x38610, 6
4, 0x38650, 7
4, 0x3a4c0, 0
4, 0x3a500, 1
4, 0x3a540, 2
4, 0x3a580, 3
4, 0x3a5c0, 4
4, 0x3a600, 5
4, 0x3a640, 6
4, 0x3a680, 7
2, 2
3, 0
3, 0
3, 0
3, 0
3, 0
3, 0
3, 0
3, 0
3, 0
3, 0
3, 0
3, 0
3, 0
3, 0
3, 0
3, 0
1, 0x3a4c0
4, 0x38690, 0
4, 0x386d0, 1
4, 0x38710, 2
4, 0x38750, 3
4, 0x38790, 4
4, 0x387d0, 5
4, 0x38810, 6
4, 0x38850, 7
4, 0x3a6c0, 0
4, 0x3a700, 1
4, 0x3a740, 2
4, 0x3a780, 3
4, 0x3a7c0, 4
4, 0x3a800, 5
4, 0x3a840, 6
4, 0x3a880, 7
2, 2
3, 0
3, 0
3, 0
3, 0
3, 0
3, 0
3, 0
3, 0
3, 0
3, 0
3, 0
3, 0
3, 0
3, 0
3, 0
3, 0
1, 0x3a6c0
4, 0x38890, 0
4, 0x388d0, 1
4, 0x38910, 2
4, 0x38950, 3
4, 0x38990, 4
4, 0x389d0, 5
4, 0x38a10, 6
4, 0x38a50, 7
4, 0x3a8c0, 0
4, 0x3a900, 1
4, 0x3a940, 2
4, 0x3a980, 3
4, 0x3a9c0, 4
4, 0x3aa00, 5
4, 0x3aa40, 6
4, 0x3aa80, 7
2, 2
3, 0
3, 0
3, 0
3, 0
3, 0
3, 0
3, 0
3, 0
3, 0
3, 0
3, 0
3, 0
3, 0
3, 0
3, 0
3, 0
1, 0x3a8c0
4, 0x38a90, 0
4, 0x38ad0, 1
4, 0x38b10, 2
4, 0x38b50, 3
4, 0x38b90, 4
4, 0x38bd0, 5
4, 0x38c10, 6
4, 0x38c50, 7
4, 0x3aac0, 0
4, 0x3ab00, 1
4, 0x3ab40, 2
4, 0x3ab80, 3
4, 0x3abc0, 4
4, 0x3ac00, 5
4, 0x3ac40, 6
4, 0x3ac80, 7
2, 2
3, 0
3, 0
3, 0
3, 0
3, 0
3, 0
3, 0
3, 0
3, 0
3, 0
3, 0
3, 0
3, 0
3, 0
3, 0
3, 0
1, 0x3aac0
4, 0x38c90, 0
4, 0x38cd0, 1
4, 0x38d10, 2
4, 0x38d50, 3
4, 0x38d90, 4
4, 0x38dd0, 5
4, 0x38e10, 6
4, 0x38e50, 7
4, 0x3acc0, 0
4, 0x3ad00, 1
4, 0x3ad40, 2
4, 0x3ad80, 3
4, 0x3adc0, 4
4, 0x3ae00, 5
4, 0x3ae40, 6
4, 0x3ae80, 7
2, 2
3, 0
3, 0
3, 0
3, 0
3, 0
3, 0
3, 0
3, 0
3, 0
3, 0
3, 0
3, 0
3, 0
3, 0
3, 0
3, 0
1, 0x3acc0
4, 0x38e90, 0
4, 0x38ed0, 1
4, 0x38f10, 2
4, 0x38f50, 3
4, 0x38f90, 4
4, 0x38fd0, 5
4, 0x39010, 6
4, 0x39050, 7
4, 0x3aec0, 0
4, 0x3af00, 1
4, 0x3af40, 2
4, 0x3af80, 3
4, 0x3afc0, 4
4, 0x3b000, 5
4, 0x3b040, 6
4, 0x3b080, 7
2, 2
3, 0
3, 0
3, 0
3, 0
3, 0
3, 0
3, 0
3, 0
3, 0
3, 0
3, 0
3, 0
3, 0
3, 0
3, 0
3, 0
1, 0x3aec0
4, 0x39090, 0
4, 0x390d0, 1
4, 0x39110, 2
4, 0x39150, 3
4, 0x39190, 4
4, 0x391d0, 5
4, 0x39210, 6
4, 0x39250, 7
4, 0x3b0c0, 0
4, 0x3b100, 1
4, 0x3b140, 2
4, 0x3b180, 3
4, 0x3b1c0, 4
4, 0x3b200, 5
4, 0x3b240, 6
4, 0x3b280, 7
2, 2
3, 0
3, 0
3, 0
3, 0
3, 0
3, 0
3, 0
3, 0
3, 0
3, 0
3, 0
3, 0
3, 0
3, 0
3, 0
3, 0
1, 0x3b0c0
4, 0x39290, 0
4, 0x392d0, 1
4, 0x39310, 2
4, 0x39350, 3
4, 0x39390, 4
4, 0x393d0, 5
4, 0x39410, 6
4, 0x39450, 7
4, 0x3b2c0, 0
4, 0x3b300, 1
4, 0x3b340, 2
4, 0x3b380, 3
4, 0x3b3c0, 4
4, 0x3b400, 5
4, 0x3b440, 6
4, 0x3b480, 7
2, 2
3, 0
3, 0
3, 0
3, 0
3, 0
3, 0
3, 0
3, 0
3, 0
3, 0
3, 0
3, 0
3, 0
3, 0
3, 0
3, 0
1, 0x3b2c0
4, 0x39490, 0
4, 0x394d0, 1
4, 0x39510, 2
4, 0x39550, 3
4, 0x39590, 4
4, 0x395d0, 5
4, 0x39610, 6
4, 0x39650, 7
4, 0x3b4c0, 0
4, 0x3b500, 1
4, 0x3b540, 2
4, 0x3b580, 3
4, 0x3b5c0, 4
4, 0x3b600, 5
4, 0x3b640, 6
4, 0x3b680, 7
2, 2
3, 0
3, 0
3, 0
3, 0
3, 0
3, 0
3, 0
3, 0
3, 0
3, 0
3, 0
3, 0
3, 0
3, 0
3, 0
3, 0
1, 0x3b4c0
4, 0x39690, 0
4, 0x396d0, 1
4, 0x39710, 2
4, 0x39750, 3
4, 0x39790, 4
4, 0x397d0, 5
4, 0x39810, 6
4, 0x39850, 7
4, 0x3b6c0, 0
4, 0x3b700, 1
4, 0x3b740, 2
4, 0x3b780, 3
4, 0x3b7c0, 4
4, 0x3b800, 5
4, 0x3b840, 6
4, 0x3b880, 7
2, 2
3, 0
3, 0
3, 0
3, 0
3, 0
3, 0
3, 0
3, 0
3, 0
3, 0
3, 0
3, 0
3, 0
3, 0
3, 0
3, 0
1, 0x3b6c0
4, 0x39890, 0
4, 0x398d0, 1
4, 0x39910, 2
4, 0x39950, 3
4, 0x39990, 4
4, 0x399d0, 5
4, 0x39a10, 6
4, 0x39a50, 7
4, 0x3b8c0, 0
4, 0x3b900, 1
4, 0x3b940, 2
4, 0x3b980, 3
4, 0x3b9c0, 4
4, 0x3ba00, 5
4, 0x3ba40, 6
4, 0x3ba80, 7
2, 2
3, 0
3, 0
3, 0
3, 0
3, 0
3, 0
3, 0
3, 0
3, 0
3, 0
3, 0
3, 0
3, 0
3, 0
3, 0
3, 0
1, 0x3b8c0
4, 0x39a90, 0
4, 0x39ad0, 1
4, 0x39b10, 2
4, 0x39b50, 3
4, 0x39b90, 4
4, 0x39bd0, 5
4, 0x39c10, 6
4, 0x39c50, 7
4, 0x3bac0, 0
4, 0x3bb00, 1
4, 0x3bb40, 2
4, 0x3bb80, 3
4, 0x3bbc0, 4
4, 0x3bc00, 5
4, 0x3bc40, 6
4, 0x3bc80, 7
2, 2
3, 0
3, 0
3, 0
3, 0
3, 0
3, 0
3, 0
3, 0
3, 0
3, 0
3, 0
3, 0
3, 0
3, 0
3, 0
3, 0
1, 0x3bac0
4, 0x39c90, 0
4, 0x39cd0, 1
4, 0x39d10, 2
4, 0x39d50, 3
4, 0x39d90, 4
4, 0x39dd0, 5
4, 0x39e10, 6
4, 0x39e50, 7
4, 0x3bcc0, 0
4, 0x3bd00, 1
4, 0x3bd40, 2
4, 0x3bd80, 3
4, 0x3bdc0, 4
4, 0x3be00, 5
4, 0x3be40, 6
4, 0x3be80, 7
2, 2
3, 0
3, 0
3, 0
3, 0
3, 0
3, 0
3, 0
3, 0
3, 0
3, 0
3, 0
3, 0
3, 0
3, 0
3, 0
3, 0
1, 0x3bcc0
4, 0x39e90, 0
4, 0x39ed0, 1
4, 0x39f10, 2
4, 0x39f50, 3
4, 0x39f90, 4
4, 0x39fd0, 5
4, 0x3a010, 6
4, 0x3a050, 7
4, 0x3bec0, 0
4, 0x3bf00, 1
4, 0x3bf40, 2
4, 0x3bf80, 3
4, 0x3bfc0, 4
4, 0x3c000, 5
4, 0x3c040, 6
4, 0x3c080, 7
2, 2
3, 0
3, 0
3, 0
3, 0
3, 0
3, 0
3, 0
3, 0
3, 0
3, 0
3, 0
3, 0
3, 0
3, 0
3, 0
3, 0
1, 0x3bec0
4, 0x3a090, 0
4, 0x3a0d0, 1
4, 0x3a110, 2
4, 0x3a150, 3
4, 0x3a190, 4
4, 0x3a1d0, 5
4, 0x3a210, 6
4, 0x3a250, 7
4, 0x3c0c0, 0
4, 0x3c100, 1
4, 0x3c140, 2
4, 0x3c180, 3
4, 0x3c1c0, 4
4, 0x3c200, 5
4, 0x3c240, 6
4, 0x3c280, 7
2, 2
3, 0
3, 0
3, 0
3, 0
3, 0
3, 0
3, 0
3, 0
3, 0
3, 0
3, 0
3, 0
3, 0
3, 0
3, 0
3, 0
3, 0
3, 0
3, 0
3, 0
1, 0x3c0c0
4, 0x38290, 0
4, 0x382d0, 1
4, 0x38310, 2
4, 0x38350, 3
4, 0x38390, 4
4, 0x383d0, 5
4, 0x38410, 6
4, 0x38450, 7
4, 0x3a310, 0
4, 0x3a350, 1
4, 0x3a390, 2
4, 0x3a3d0, 3
4, 0x3a410, 4
4, 0x3a450, 5
4, 0x3a490, 6
4, 0x3a4d0, 7
2, 2
3, 0
3, 0
3, 0
3, 0
3, 0
3, 0
3, 0
3, 0
3, 0
3, 0
3, 0
3, 0
3, 0
3, 0
3, 0
3, 0
1, 0x3a310
4, 0x38490, 0
4, 0x384d0, 1
4, 0x38510, 2
4, 0x38550, 3
4, 0x38590, 4
4, 0x385d0, 5
4, 0x38610, 6
4, 0x38650, 7
4, 0x3a510, 0
4, 0x3a550, 1
4, 0x3a590, 2
4, 0x3a5d0, 3
4, 0x3a610, 4
4, 0x3a650, 5
4, 0x3a690, 6
4, 0x3a6d0, 7
2, 2
3, 0
3, 0
3, 0
3, 0
3, 0
3, 0
3, 0
3, 0
3, 0
3, 0
3, 0
3, 0
3, 0
3, 0
3, 0
3, 0
1, 0x3a510
4, 0x38690, 0
4, 0x386d0, 1
4, 0x38710, 2
4, 0x38750, 3
4, 0x38790, 4
4, 0x387d0, 5
4, 0x38810, 6
4, 0x38850, 7
4, 0x3a710, 0
4, 0x3a750, 1
4, 0x3a790, 2
4, 0x3a7d0, 3
4, 0x3a810, 4
4, 0x3a850, 5
4, 0x3a890, 6
4, 0x3a8d0, 7
2, 2
3, 0
3, 0
3, 0
3, 0
3, 0
3, 0
3, 0
3, 0
3, 0
3, 0
3, 0
3, 0
3, 0
3, 0
3, 0
3, 0
1, 0x3a710
4, 0x38890, 0
4, 0x388d0, 1
4, 0x38910, 2
4, 0x38950, 3
4, 0x38990, 4
4, 0x389d0, 5
4, 0x38a10, 6
4, 0x38a50, 7
4, 0x3a910, 0
4, 0x3a950, 1
4, 0x3a990, 2
4, 0x3a9d0, 3
4, 0x3aa10, 4
4, 0x3aa50, 5
4, 0x3aa90, 6
4, 0x3aad0, 7
2, 2
3, 0
3, 0
3, 0
3, 0
3, 0
3, 0
3, 0
3, 0
3, 0
3, 0
3, 0
3, 0
3, 0
3, 0
3, 0
3, 0
1, 0x3a910
4, 0x38a90, 0
4, 0x38ad0, 1
4, 0x38b10, 2
4, 0x38b50, 3
4, 0x38b90, 4
4, 0x38bd0, 5
4, 0x38c10, 6
4, 0x38c50, 7
4, 0x3ab10, 0
4, 0x3ab50, 1
4, 0x3ab90, 2
4, 0x3abd0, 3
4, 0x3ac10, 4
4, 0x3ac50, 5
4, 0x3ac90, 6
4, 0x3acd0, 7
2, 2
3, 0
3, 0
3, 0
3, 0
3, 0
3, 0
3, 0
3, 0
3, 0
3, 0
3, 0
3, 0
3, 0
3, 0
3, 0
3, 0
1, 0x3ab10
4, 0x38c90, 0
4, 0x38cd0, 1
4, 0x38d10, 2
4, 0x38d50, 3
4, 0x38d90, 4
4, 0x38dd0, 5
4, 0x38e10, 6
4, 0x38e50, 7
4, 0x3ad10, 0
4, 0x3ad50, 1
4, 0x3ad90, 2
4, 0x3add0, 3
4, 0x3ae10, 4
4, 0x3ae50, 5
4, 0x3ae90, 6
4, 0x3aed0, 7
2, 2
3, 0
3, 0
3, 0
3, 0
3, 0
3, 0
3, 0
3, 0
3, 0
3, 0
3, 0
3, 0
3, 0
3, 0
3, 0
3, 0
1, 0x3ad10
4, 0x38e90, 0
4, 0x38ed0, 1
4, 0x38f10, 2
4, 0x38f50, 3
4, 0x38f90, 4
4, 0x38fd0, 5
4, 0x39010, 6
4, 0x39050, 7
4, 0x3af10, 0
4, 0x3af50, 1
4, 0x3af90, 2
4, 0x3afd0, 3
4, 0x3b010, 4
4, 0x3b050, 5
4, 0x3b090, 6
4, 0x3b0d0, 7
2, 2
3, 0
3, 0
3, 0
3, 0
3, 0
3, 0
3, 0
3, 0
3, 0
3, 0
3, 0
3, 0
3, 0
3, 0
3, 0
3, 0
1, 0x3af10
4, 0x39090, 0
4, 0x390d0, 1
4, 0x39110, 2
4, 0x39150, 3
4, 0x39190, 4
4, 0x391d0, 5
4, 0x39210, 6
4, 0x39250, 7
4, 0x3b110, 0
4, 0x3b150, 1
4, 0x3b190, 2
4, 0x3b1d0, 3
4, 0x3b210, 4
4, 0x3b250, 5
4, 0x3b290, 6
4, 0x3b2d0, 7
2, 2
3, 0
3, 0
3, 0
3, 0
3, 0
3, 0
3, 0
3, 0
3, 0
3, 0
3, 0
3, 0
3, 0
3, 0
3, 0
3, 0
1, 0x3b110
4, 0x39290, 0
4, 0x392d0, 1
4, 0x39310, 2
4, 0x39350, 3
4, 0x39390, 4
4, 0x393d0, 5
4, 0x39410, 6
4, 0x39450, 7
4, 0x3b310, 0
4, 0x3b350, 1
4, 0x3b390, 2
4, 0x3b3d0, 3
4, 0x3b410, 4
4, 0x3b450, 5
4, 0x3b490, 6
4, 0x3b4d0, 7
2, 2
3, 0
3, 0
3, 0
3, 0
3, 0
3, 0
3, 0
3, 0
3, 0
3, 0
3, 0
3, 0
3, 0
3, 0
3, 0
3, 0
1, 0x3b310
4, 0x39490, 0
4, 0x394d0, 1
4, 0x39510, 2
4, 0x39550, 3
4, 0x39590, 4
4, 0x395d0, 5
4, 0x39610, 6
4, 0x39650, 7
4, 0x3b510, 0
4, 0x3b550, 1
4, 0x3b590, 2
4, 0x3b5d0, 3
4, 0x3b610, 4
4, 0x3b650, 5
4, 0x3b690, 6
4, 0x3b6d0, 7
2, 2
3, 0
3, 0
3, 0
3, 0
3, 0
3, 0
3, 0
3, 0
3, 0
3, 0
3, 0
3, 0
3, 0
3, 0
3, 0
3, 0
1, 0x3b510
4, 0x39690, 0
4, 0x396d0, 1
4, 0x39710, 2
4, 0x39750, 3
4, 0x39790, 4
4, 0x397d0, 5
4, 0x39810, 6
4, 0x39850, 7
4, 0x3b710, 0
4, 0x3b750, 1
4, 0x3b790, 2
4, 0x3b7d0, 3
4, 0x3b810, 4
4, 0x3b850, 5
4, 0x3b890, 6
4, 0x3b8d0, 7
2, 2
3, 0
3, 0
3, 0
3, 0
3, 0
3, 0
3, 0
3, 0
3, 0
3, 0
3, 0
3, 0
3, 0
3, 0
3, 0
3, 0
1, 0x3b710
4, 0x39890, 0
4, 0x398d0, 1
4, 0x39910, 2
4, 0x39950, 3
4, 0x39990, 4
4, 0x399d0, 5
4, 0x39a10, 6
4, 0x39a50, 7
4, 0x3b910, 0
4, 0x3b950, 1
4, 0x3b990, 2
4, 0x3b9d0, 3
4, 0x3ba10, 4
4, 0x3ba50, 5
4, 0x3ba90, 6
4, 0x3bad0, 7
2, 2
3, 0
3, 0
3, 0
3, 0
3, 0
3, 0
3, 0
3, 0
3, 0
3, 0
3, 0
3, 0
3, 0
3, 0
3, 0
3, 0
1, 0x3b910
4, 0x39a90, 0
4, 0x39ad0, 1
4, 0x39b10, 2
4, 0x39b50, 3
4, 0x39b90, 4
4, 0x39bd0, 5
4, 0x39c10, 6
4, 0x39c50, 7
4, 0x3bb10, 0
4, 0x3bb50, 1
4, 0x3bb90, 2
4, 0x3bbd0, 3
4, 0x3bc10, 4
4, 0x3bc50, 5
4, 0x3bc90, 6
4, 0x3bcd0, 7
2, 2
3, 0
3, 0
3, 0
3, 0
3, 0
3, 0
3, 0
3, 0
3, 0
3, 0
3, 0
3, 0
3, 0
3, 0
3, 0
3, 0
1, 0x3bb10
4, 0x39c90, 0
4, 0x39cd0, 1
4, 0x39d10, 2
4, 0x39d50, 3
4, 0x39d90, 4
4, 0x39dd0, 5
4, 0x39e10, 6
4, 0x39e50, 7
4, 0x3bd10, 0
4, 0x3bd50, 1
4, 0x3bd90, 2
4, 0x3bdd0, 3
4, 0x3be10, 4
4, 0x3be50, 5
4, 0x3be90, 6
4, 0x3bed0, 7
2, 2
3, 0
3, 0
3, 0
3, 0
3, 0
3, 0
3, 0
3, 0
3, 0
3, 0
3, 0
3, 0
3, 0
3, 0
3, 0
3, 0
1, 0x3bd10
4, 0x39e90, 0
4, 0x39ed0, 1
4, 0x39f10, 2
4, 0x39f50, 3
4, 0x39f90, 4
4, 0x39fd0, 5
4, 0x3a010, 6
4, 0x3a050, 7
4, 0x3bf10, 0
4, 0x3bf50, 1
4, 0x3bf90, 2
4, 0x3bfd0, 3
4, 0x3c010, 4
4, 0x3c050, 5
4, 0x3c090, 6
4, 0x3c0d0, 7
2, 2
3, 0
3, 0
3, 0
3, 0
3, 0
3, 0
3, 0
3, 0
3, 0
3, 0
3, 0
3, 0
3, 0
3, 0
3, 0
3, 0
1, 0x3bf10
4, 0x3a090, 0
4, 0x3a0d0, 1
4, 0x3a110, 2
4, 0x3a150, 3
4, 0x3a190, 4
4, 0x3a1d0, 5
4, 0x3a210, 6
4, 0x3a250, 7
4, 0x3c110, 0
4, 0x3c150, 1
4, 0x3c190, 2
4, 0x3c1d0, 3
4, 0x3c210, 4
4, 0x3c250, 5
4, 0x3c290, 6
4, 0x3c2d0, 7
2, 2
3, 0
3, 0
3, 0
3, 0
3, 0
3, 0
3, 0
3, 0
3, 0
3, 0
3, 0
3, 0
3, 0
3, 0
3, 0
3, 0
3, 0
3, 0
3, 0
3, 0
1, 0x3c110
4, 0x38290, 0
4, 0x382d0, 1
4, 0x38310, 2
4, 0x38350, 3
4, 0x38390, 4
4, 0x383d0, 5
4, 0x38410, 6
4, 0x38450, 7
4, 0x3a360, 0
4, 0x3a3a0, 1
4, 0x3a3e0, 2
4, 0x3a420, 3
4, 0x3a460, 4
4, 0x3a4a0, 5
4, 0x3a4e0, 6
4, 0x3a520, 7
2, 2
3, 0
3, 0
3, 0
3, 0
3, 0
3, 0
3, 0
3, 0
3, 0
3, 0
3, 0
3, 0
3, 0
3, 0
3, 0
3, 0
1, 0x3a360
4, 0x38490, 0
4, 0x384d0, 1
4, 0x38510, 2
4, 0x38550, 3
4, 0x38590, 4
4, 0x385d0, 5
4, 0x38610, 6
4, 0x38650, 7
4, 0x3a560, 0
4, 0x3a5a0, 1
4, 0x3a5e0, 2
4, 0x3a620, 3
4, 0x3a660, 4
4, 0x3a6a0, 5
4, 0x3a6e0, 6
4, 0x3a720, 7
2, 2
3, 0
3, 0
3, 0
3, 0
3, 0
3, 0
3, 0
3, 0
3, 0
3, 0
3, 0
3, 0
3, 0
3, 0
3, 0
3, 0
1, 0x3a560
4, 0x38690, 0
4, 0x386d0, 1
4, 0x38710, 2
4, 0x38750, 3
4, 0x38790, 4
4, 0x387d0, 5
4, 0x38810, 6
4, 0x38850, 7
4, 0x3a760, 0
4, 0x3a7a0, 1
4, 0x3a7e0, 2
4, 0x3a820, 3
4, 0x3a860, 4
4, 0x3a8a0, 5
4, 0x3a8e0, 6
4, 0x3a920, 7
2, 2
3, 0
3, 0
3, 0
3, 0
3, 0
3, 0
3, 0
3, 0
3, 0
3, 0
3, 0
3, 0
3, 0
3, 0
3, 0
3, 0
1, 0x3a760
4, 0x38890, 0
4, 0x388d0, 1
4, 0x38910, 2
4, 0x38950, 3
4, 0x38990, 4
4, 0x389d0, 5
4, 0x38a10, 6
4, 0x38a50, 7
4, 0x3a960, 0
4, 0x3a9a0, 1
4, 0x3a9e0, 2
4, 0x3aa20, 3
4, 0x3aa60, 4
4, 0x3aaa0, 5
4, 0x3aae0, 6
4, 0x3ab20, 7
2, 2
3, 0
3, 0
3, 0
3, 0
3, 0
3, 0
3, 0
3, 0
3, 0
3, 0
3, 0
3, 0
3, 0
3, 0
3, 0
3, 0
1, 0x3a960
4, 0x38a90, 0
4, 0x38ad0, 1
4, 0x38b10, 2
4, 0x38b50, 3
4, 0x38b90, 4
4, 0x38bd0, 5
4, 0x38c10, 6
4, 0x38c50, 7
4, 0x3ab60, 0
4, 0x3aba0, 1
4, 0x3abe0, 2
4, 0x3ac20, 3
4, 0x3ac60, 4
4, 0x3aca0, 5
4, 0x3ace0, 6
4, 0x3ad20, 7
2, 2
3, 0
3, 0
3, 0
3, 0
3, 0
3, 0
3, 0
3, 0
3, 0
3, 0
3, 0
3, 0
3, 0
3, 0
3, 0
3, 0
1, 0x3ab60
4, 0x38c90, 0
4, 0x38cd0, 1
4, 0x38d10, 2
4, 0x38d50, 3
4, 0x38d90, 4
4, 0x38dd0, 5
4, 0x38e10, 6
4, 0x38e50, 7
4, 0x3ad60, 0
4, 0x3ada0, 1
4, 0x3ade0, 2
4, 0x3ae20, 3
4, 0x3ae60, 4
4, 0x3aea0, 5
4, 0x3aee0, 6
4, 0x3af20, 7
2, 2
3, 0
3, 0
3, 0
3, 0
3, 0
3, 0
3, 0
3, 0
3, 0
3, 0
3, 0
3, 0
3, 0
3, 0
3, 0
3, 0
1, 0x3ad60
4, 0x38e90, 0
4, 0x38ed0, 1
4, 0x38f10, 2
4, 0x38f50, 3
4, 0x38f90, 4
4, 0x38fd0, 5
4, 0x39010, 6
4, 0x39050, 7
4, 0x3af60, 0
4, 0x3afa0, 1
4, 0x3afe0, 2
4, 0x3b020, 3
4, 0x3b060, 4
4, 0x3b0a0, 5
4, 0x3b0e0, 6
4, 0x3b120, 7
2, 2
3, 0
3, 0
3, 0
3, 0
3, 0
3, 0
3, 0
3, 0
3, 0
3, 0
3, 0
3, 0
3, 0
3, 0
3, 0
3, 0
1, 0x3af60
4, 0x39090, 0
4, 0x390d0, 1
4, 0x39110, 2
4, 0x39150, 3
4, 0x39190, 4
4, 0x391d0, 5
4, 0x39210, 6
4, 0x39250, 7
4, 0x3b160, 0
4, 0x3b1a0, 1
4, 0x3b1e0, 2
4, 0x3b220, 3
4, 0x3b260, 4
4, 0x3b2a0, 5
4, 0x3b2e0, 6
4, 0x3b320, 7
2, 2
3, 0
3, 0
3, 0
3, 0
3, 0
3, 0
3, 0
3, 0
3, 0
3, 0
3, 0
3, 0
3, 0
3, 0
3, 0
3, 0
1, 0x3b160
4, 0x39290, 0
4, 0x392d0, 1
4, 0x39310, 2
4, 0x39350, 3
4, 0x39390, 4
4, 0x393d0, 5
4, 0x39410, 6
4, 0x39450, 7
4, 0x3b360, 0
4, 0x3b3a0, 1
4, 0x3b3e0, 2
4, 0x3b420, 3
4, 0x3b460, 4
4, 0x3b4a0, 5
4, 0x3b4e0, 6
4, 0x3b520, 7
2, 2
3, 0
3, 0
3, 0
3, 0
3, 0
3, 0
3, 0
3, 0
3, 0
3, 0
3, 0
3, 0
3, 0
3, 0
3, 0
3, 0
1, 0x3b360
4, 0x39490, 0
4, 0x394d0, 1
4, 0x39510, 2
4, 0x39550, 3
4, 0x39590, 4
4, 0x395d0, 5
4, 0x39610, 6
4, 0x39650, 7
4, 0x3b560, 0
4, 0x3b5a0, 1
4, 0x3b5e0, 2
4, 0x3b620, 3
4, 0x3b660, 4
4, 0x3b6a0, 5
4, 0x3b6e0, 6
4, 0x3b720, 7
2, 2
3, 0
3, 0
3, 0
3, 0
3, 0
3, 0
3, 0
3, 0
3, 0
3, 0
3, 0
3, 0
3, 0
3, 0
3, 0
3, 0
1, 0x3b560
4, 0x39690, 0
4, 0x396d0, 1
4, 0x39710, 2
4, 0x39750, 3
4, 0x39790, 4
4, 0x397d0, 5
4, 0x39810, 6
4, 0x39850, 7
4, 0x3b760, 0
4, 0x3b7a0, 1
4, 0x3b7e0, 2
4, 0x3b820, 3
4, 0x3b860, 4
4, 0x3b8a0, 5
4, 0x3b8e0, 6
4, 0x3b920, 7
2, 2
3, 0
3, 0
3, 0
3, 0
3, 0
3, 0
3, 0
3, 0
3, 0
3, 0
3, 0
3, 0
3, 0
3, 0
3, 0
3, 0
1, 0x3b760
4, 0x39890, 0
4, 0x398d0, 1
4, 0x39910, 2
4, 0x39950, 3
4, 0x39990, 4
4, 0x399d0, 5
4, 0x39a10, 6
4, 0x39a50, 7
4, 0x3b960, 0
4, 0x3b9a0, 1
4, 0x3b9e0, 2
4, 0x3ba20, 3
4, 0x3ba60, 4
4, 0x3baa0, 5
4, 0x3bae0, 6
4, 0x3bb20, 7
2, 2
3, 0
3, 0
3, 0
3, 0
3, 0
3, 0
3, 0
3, 0
3, 0
3, 0
3, 0
3, 0
3, 0
3, 0
3, 0
3, 0
1, 0x3b960
4, 0x39a90, 0
4, 0x39ad0, 1
4, 0x39b10, 2
4, 0x39b50, 3
4, 0x39b90, 4
4, 0x39bd0, 5
4, 0x39c10, 6
4, 0x39c50, 7
4, 0x3bb60, 0
4, 0x3bba0, 1
4, 0x3bbe0, 2
4, 0x3bc20, 3
4, 0x3bc60, 4
4, 0x3bca0, 5
4, 0x3bce0, 6
4, 0x3bd20, 7
2, 2
3, 0
3, 0
3, 0
3, 0
3, 0
3, 0
3, 0
3, 0
3, 0
3, 0
3, 0
3, 0
3, 0
3, 0
3, 0
3, 0
1, 0x3bb60
4, 0x39c90, 0
4, 0x39cd0, 1
4, 0x39d10, 2
4, 0x39d50, 3
4, 0x39d90, 4
4, 0x39dd0, 5
4, 0x39e10, 6
4, 0x39e50, 7
4, 0x3bd60, 0
4, 0x3bda0, 1
4, 0x3bde0, 2
4, 0x3be20, 3
4, 0x3be60, 4
4, 0x3bea0, 5
4, 0x3bee0, 6
4, 0x3bf20, 7
2, 2
3, 0
3, 0
3, 0
3, 0
3, 0
3, 0
3, 0
3, 0
3, 0
3, 0
3, 0
3, 0
3, 0
3, 0
3, 0
3, 0
1, 0x3bd60
4, 0x39e90, 0
4, 0x39ed0, 1
4, 0x39f10, 2
4, 0x39f50, 3
4, 0x39f90, 4
4, 0x39fd0, 5
4, 0x3a010, 6
4, 0x3a050, 7
4, 0x3bf60, 0
4, 0x3bfa0, 1
4, 0x3bfe0, 2
4, 0x3c020, 3
4, 0x3c060, 4
4, 0x3c0a0, 5
4, 0x3c0e0, 6
4, 0x3c120, 7
2, 2
3, 0
3, 0
3, 0
3, 0
3, 0
3, 0
3, 0
3, 0
3, 0
3, 0
3, 0
3, 0
3, 0
3, 0
3, 0
3, 0
1, 0x3bf60
4, 0x3a090, 0
4, 0x3a0d0, 1
4, 0x3a110, 2
4, 0x3a150, 3
4, 0x3a190, 4
4, 0x3a1d0, 5
4, 0x3a210, 6
4, 0x3a250, 7
4, 0x3c160, 0
4, 0x3c1a0, 1
4, 0x3c1e0, 2
4, 0x3c220, 3
4, 0x3c260, 4
4, 0x3c2a0, 5
4, 0x3c2e0, 6
4, 0x3c320, 7
2, 2
3, 0
3, 0
3, 0
3, 0
3, 0
3, 0
3, 0
3, 0
3, 0
3, 0
3, 0
3, 0
3, 0
3, 0
3, 0
3, 0
3, 0
3, 0
3, 0
3, 0
1, 0x3c160
4, 0x38290, 0
4, 0x382d0, 1
4, 0x38310, 2
4, 0x38350, 3
4, 0x38390, 4
4, 0x383d0, 5
4, 0x38410, 6
4, 0x38450, 7
4, 0x3a3b0, 0
4, 0x3a3f0, 1
4, 0x3a430, 2
4, 0x3a470, 3
4, 0x3a4b0, 4
4, 0x3a4f0, 5
4, 0x3a530, 6
4, 0x3a570, 7
2, 2
3, 0
3, 0
3, 0
3, 0
3, 0
3, 0
3, 0
3, 0
3, 0
3, 0
3, 0
3, 0
3, 0
3, 0
3, 0
3, 0
1, 0x3a3b0
4, 0x38490, 0
4, 0x384d0, 1
4, 0x38510, 2
4, 0x38550, 3
4, 0x38590, 4
4, 0x385d0, 5
4, 0x38610, 6
4, 0x38650, 7
4, 0x3a5b0, 0
4, 0x3a5f0, 1
4, 0x3a630, 2
4, 0x3a670, 3
4, 0x3a6b0, 4
4, 0x3a6f0, 5
4, 0x3a730, 6
4, 0x3a770, 7
2, 2
3, 0
3, 0
3, 0
3, 0
3, 0
3, 0
3, 0
3, 0
3, 0
3, 0
3, 0
3, 0
3, 0
3, 0
3, 0
3, 0
1, 0x3a5b0
4, 0x38690, 0
4, 0x386d0, 1
4, 0x38710, 2
4, 0x38750, 3
4, 0x38790, 4
4, 0x387d0, 5
4, 0x38810, 6
4, 0x38850, 7
4, 0x3a7b0, 0
4, 0x3a7f0, 1
4, 0x3a830, 2
4, 0x3a870, 3
4, 0x3a8b0, 4
4, 0x3a8f0, 5
4, 0x3a930, 6
4, 0x3a970, 7
2, 2
3, 0
3, 0
3, 0
3, 0
3, 0
3, 0
3, 0
3, 0
3, 0
3, 0
3, 0
3, 0
3, 0
3, 0
3, 0
3, 0
1, 0x3a7b0
4, 0x38890, 0
4, 0x388d0, 1
4, 0x38910, 2
4, 0x38950, 3
4, 0x38990, 4
4, 0x389d0, 5
4, 0x38a10, 6
4, 0x38a50, 7
4, 0x3a9b0, 0
4, 0x3a9f0, 1
4, 0x3aa30, 2
4, 0x3aa70, 3
4, 0x3aab0, 4
4, 0x3aaf0, 5
4, 0x3ab30, 6
4, 0x3ab70, 7
2, 2
3, 0
3, 0
3, 0
3, 0
3, 0
3, 0
3, 0
3, 0
3, 0
3, 0
3, 0
3, 0
3, 0
3, 0
3, 0
3, 0
1, 0x3a9b0
4, 0x38a90, 0
4, 0x38ad0, 1
4, 0x38b10, 2
4, 0x38b50, 3
4, 0x38b90, 4
4, 0x38bd0, 5
4, 0x38c10, 6
4, 0x38c50, 7
4, 0x3abb0, 0
4, 0x3abf0, 1
4, 0x3ac30, 2
4, 0x3ac70, 3
4, 0x3acb0, 4
4, 0x3acf0, 5
4, 0x3ad30, 6
4, 0x3ad70, 7
2, 2
3, 0
3, 0
3, 0
3, 0
3, 0
3, 0
3, 0
3, 0
3, 0
3, 0
3, 0
3, 0
3, 0
3, 0
3, 0
3, 0
1, 0x3abb0
4, 0x38c90, 0
4, 0x38cd0, 1
4, 0x38d10, 2
4, 0x38d50, 3
4, 0x38d90, 4
4, 0x38dd0, 5
4, 0x38e10, 6
4, 0x38e50, 7
4, 0x3adb0, 0
4, 0x3adf0, 1
4, 0x3ae30, 2
4, 0x3ae70, 3
4, 0x3aeb0, 4
4, 0x3aef0, 5
4, 0x3af30, 6
4, 0x3af70, 7
2, 2
3, 0
3, 0
3, 0
3, 0
3, 0
3, 0
3, 0
3, 0
3, 0
3, 0
3, 0
3, 0
3, 0
3, 0
3, 0
3, 0
1, 0x3adb0
4, 0x38e90, 0
4, 0x38ed0, 1
4, 0x38f10, 2
4, 0x38f50, 3
4, 0x38f90, 4
4, 0x38fd0, 5
4, 0x39010, 6
4, 0x39050, 7
4, 0x3afb0, 0
4, 0x3aff0, 1
4, 0x3b030, 2
4, 0x3b070, 3
4, 0x3b0b0, 4
4, 0x3b0f0, 5
4, 0x3b130, 6
4, 0x3b170, 7
2, 2
3, 0
3, 0
3, 0
3, 0
3, 0
3, 0
3, 0
3, 0
3, 0
3, 0
3, 0
3, 0
3, 0
3, 0
3, 0
3, 0
1, 0x3afb0
4, 0x39090, 0
4, 0x390d0, 1
4, 0x39110, 2
4, 0x39150, 3
4, 0x39190, 4
4, 0x391d0, 5
4, 0x39210, 6
4, 0x39250, 7
4, 0x3b1b0, 0
4, 0x3b1f0, 1
4, 0x3b230, 2
4, 0x3b270, 3
4, 0x3b2b0, 4
4, 0x3b2f0, 5
4, 0x3b330, 6
4, 0x3b370, 7
2, 2
3, 0
3, 0
3, 0
3, 0
3, 0
3, 0
3, 0
3, 0
3, 0
3, 0
3, 0
3, 0
3, 0
3, 0
3, 0
3, 0
1, 0x3b1b0
4, 0x39290, 0
4, 0x392d0, 1
4, 0x39310, 2
4, 0x39350, 3
4, 0x39390, 4
4, 0x393d0, 5
4, 0x39410, 6
4, 0x39450, 7
4, 0x3b3b0, 0
4, 0x3b3f0, 1
4, 0x3b430, 2
4, 0x3b470, 3
4, 0x3b4b0, 4
4, 0x3b4f0, 5
4, 0x3b530, 6
4, 0x3b570, 7
2, 2
3, 0
3, 0
3, 0
3, 0
3, 0
3, 0
3, 0
3, 0
3, 0
3, 0
3, 0
3, 0
3, 0
3, 0
3, 0
3, 0
1, 0x3b3b0
4, 0x39490, 0
4, 0x394d0, 1
4, 0x39510, 2
4, 0x39550, 3
4, 0x39590, 4
4, 0x395d0, 5
4, 0x39610, 6
4, 0x39650, 7
4, 0x3b5b0, 0
4, 0x3b5f0, 1
4, 0x3b630, 2
4, 0x3b670, 3
4, 0x3b6b0, 4
4, 0x3b6f0, 5
4, 0x3b730, 6
4, 0x3b770, 7
2, 2
3, 0
3, 0
3, 0
3, 0
3, 0
3, 0
3, 0
3, 0
3, 0
3, 0
3, 0
3, 0
3, 0
3, 0
3, 0
3, 0
1, 0x3b5b0
4, 0x39690, 0
4, 0x396d0, 1
4, 0x39710, 2
4, 0x39750, 3
4, 0x39790, 4
4, 0x397d0, 5
4, 0x39810, 6
4, 0x39850, 7
4, 0x3b7b0, 0
4, 0x3b7f0, 1
4, 0x3b830, 2
4, 0x3b870, 3
4, 0x3b8b0, 4
4, 0x3b8f0, 5
4, 0x3b930, 6
4, 0x3b970, 7
2, 2
3, 0
3, 0
3, 0
3, 0
3, 0
3, 0
3, 0
3, 0
3, 0
3, 0
3, 0
3, 0
3, 0
3, 0
3, 0
3, 0
1, 0x3b7b0
4, 0x39890, 0
4, 0x398d0, 1
4, 0x39910, 2
4, 0x39950, 3
4, 0x39990, 4
4, 0x399d0, 5
4, 0x39a10, 6
4, 0x39a50, 7
4, 0x3b9b0, 0
4, 0x3b9f0, 1
4, 0x3ba30, 2
4, 0x3ba70, 3
4, 0x3bab0, 4
4, 0x3baf0, 5
4, 0x3bb30, 6
4, 0x3bb70, 7
2, 2
3, 0
3, 0
3, 0
3, 0
3, 0
3, 0
3, 0
3, 0
3, 0
3, 0
3, 0
3, 0
3, 0
3, 0
3, 0
3, 0
1, 0x3b9b0
4, 0x39a90, 0
4, 0x39ad0, 1
4, 0x39b10, 2
4, 0x39b50, 3
4, 0x39b90, 4
4, 0x39bd0, 5
4, 0x39c10, 6
4, 0x39c50, 7
4, 0x3bbb0, 0
4, 0x3bbf0, 1
4, 0x3bc30, 2
4, 0x3bc70, 3
4, 0x3bcb0, 4
4, 0x3bcf0, 5
4, 0x3bd30, 6
4, 0x3bd70, 7
2, 2
3, 0
3, 0
3, 0
3, 0
3, 0
3, 0
3, 0
3, 0
3, 0
3, 0
3, 0
3, 0
3, 0
3, 0
3, 0
3, 0
1, 0x3bbb0
4, 0x39c90, 0
4, 0x39cd0, 1
4, 0x39d10, 2
4, 0x39d50, 3
4, 0x39d90, 4
4, 0x39dd0, 5
4, 0x39e10, 6
4, 0x39e50, 7
4, 0x3bdb0, 0
4, 0x3bdf0, 1
4, 0x3be30, 2
4, 0x3be70, 3
4, 0x3beb0, 4
4, 0x3bef0, 5
4, 0x3bf30, 6
4, 0x3bf70, 7
2, 2
3, 0
3, 0
3, 0
3, 0
3, 0
3, 0
3, 0
3, 0
3, 0
3, 0
3, 0
3, 0
3, 0
3, 0
3, 0
3, 0
1, 0x3bdb0
4, 0x39e90, 0
4, 0x39ed0, 1
4, 0x39f10, 2
4, 0x39f50, 3
4, 0x39f90, 4
4, 0x39fd0, 5
4, 0x3a010, 6
4, 0x3a050, 7
4, 0x3bfb0, 0
4, 0x3bff0, 1
4, 0x3c030, 2
4, 0x3c070, 3
4, 0x3c0b0, 4
4, 0x3c0f0, 5
4, 0x3c130, 6
4, 0x3c170, 7
2, 2
3, 0
3, 0
3, 0
3, 0
3, 0
3, 0
3, 0
3, 0
3, 0
3, 0
3, 0
3, 0
3, 0
3, 0
3, 0
3, 0
1, 0x3bfb0
4, 0x3a090, 0
4, 0x3a0d0, 1
4, 0x3a110, 2
4, 0x3a150, 3
4, 0x3a190, 4
4, 0x3a1d0, 5
4, 0x3a210, 6
4, 0x3a250, 7
4, 0x3c1b0, 0
4, 0x3c1f0, 1
4, 0x3c230, 2
4, 0x3c270, 3
4, 0x3c2b0, 4
4, 0x3c2f0, 5
4, 0x3c330, 6
4, 0x3c370, 7
2, 2
3, 0
3, 0
3, 0
3, 0
3, 0
3, 0
3, 0
3, 0
3, 0
3, 0
3, 0
3, 0
3, 0
3, 0
3, 0
3, 0
3, 0
3, 0
3, 0
3, 0
1, 0x3c1b0
4, 0x38290, 0
4, 0x382d0, 1
4, 0x38310, 2
4, 0x38350, 3
4, 0x38390, 4
4, 0x383d0, 5
4, 0x38410, 6
4, 0x38450, 7
4, 0x3a400, 0
4, 0x3a440, 1
4, 0x3a480, 2
4, 0x3a4c0, 3
4, 0x3a500, 4
4, 0x3a540, 5
4, 0x3a580, 6
4, 0x3a5c0, 7
2, 2
3, 0
3, 0
3, 0
3, 0
3, 0
3, 0
3, 0
3, 0
3, 0
3, 0
3, 0
3, 0
3, 0
3, 0
3, 0
3, 0
1, 0x3a400
4, 0x38490, 0
4, 0x384d0, 1
4, 0x38510, 2
4, 0x38550, 3
4, 0x38590, 4
4, 0x385d0, 5
4, 0x38610, 6
4, 0x38650, 7
4, 0x3a600, 0
4, 0x3a640, 1
4, 0x3a680, 2
4, 0x3a6c0, 3
4, 0x3a700, 4
4, 0x3a740, 5
4, 0x3a780, 6
4, 0x3a7c0, 7
2, 2
3, 0
3, 0
3, 0
3, 0
3, 0
3, 0
3, 0
3, 0
3, 0
3, 0
3, 0
3, 0
3, 0
3, 0
3, 0
3, 0
1, 0x3a600
4, 0x38690, 0
4, 0x386d0, 1
4, 0x38710, 2
4, 0x38750, 3
4, 0x38790, 4
4, 0x387d0, 5
4, 0x38810, 6
4, 0x38850, 7
4, 0x3a800, 0
4, 0x3a840, 1
4, 0x3a880, 2
4, 0x3a8c0, 3
4, 0x3a900, 4
4, 0x3a940, 5
4, 0x3a980, 6
4, 0x3a9c0, 7
2, 2
3, 0
3, 0
3, 0
3, 0
3, 0
3, 0
3, 0
3, 0
3, 0
3, 0
3, 0
3, 0
3, 0
3, 0
3, 0
3, 0
1, 0x3a800
4, 0x38890, 0
4, 0x388d0, 1
4, 0x38910, 2
4, 0x38950, 3
4, 0x38990, 4
4, 0x389d0, 5
4, 0x38a10, 6
4, 0x38a50, 7
4, 0x3aa00, 0
4, 0x3aa40, 1
4, 0x3aa80, 2
4, 0x3aac0, 3
4, 0x3ab00, 4
4, 0x3ab40, 5
4, 0x3ab80, 6
4, 0x3abc0, 7
2, 2
3, 0
3, 0
3, 0
3, 0
3, 0
3, 0
3, 0
3, 0
3, 0
3, 0
3, 0
3, 0
3, 0
3, 0
3, 0
3, 0
1, 0x3aa00
4, 0x38a90, 0
4, 0x38ad0, 1
4, 0x38b10, 2
4, 0x38b50, 3
4, 0x38b90, 4
4, 0x38bd0, 5
4, 0x38c10, 6
4, 0x38c50, 7
4, 0x3ac00, 0
4, 0x3ac40, 1
4, 0x3ac80, 2
4, 0x3acc0, 3
4, 0x3ad00, 4
4, 0x3ad40, 5
4, 0x3ad80, 6
4, 0x3adc0, 7
2, 2
3, 0
3, 0
3, 0
3, 0
3, 0
3, 0
3, 0
3, 0
3, 0
3, 0
3, 0
3, 0
3, 0
3, 0
3, 0
3, 0
1, 0x3ac00
4, 0x38c90, 0
4, 0x38cd0, 1
4, 0x38d10, 2
4, 0x38d50, 3
4, 0x38d90, 4
4, 0x38dd0, 5
4, 0x38e10, 6
4, 0x38e50, 7
4, 0x3ae00, 0
4, 0x3ae40, 1
4, 0x3ae80, 2
4, 0x3aec0, 3
4, 0x3af00, 4
4, 0x3af40, 5
4, 0x3af80, 6
4, 0x3afc0, 7
2, 2
3, 0
3, 0
3, 0
3, 0
3, 0
3, 0
3, 0
3, 0
3, 0
3, 0
3, 0
3, 0
3, 0
3, 0
3, 0
3, 0
1, 0x3ae00
4, 0x38e90, 0
4, 0x38ed0, 1
4, 0x38f10, 2
4, 0x38f50, 3
4, 0x38f90, 4
4, 0x38fd0, 5
4, 0x39010, 6
4, 0x39050, 7
4, 0x3b000, 0
4, 0x3b040, 1
4, 0x3b080, 2
4, 0x3b0c0, 3
4, 0x3b100, 4
4, 0x3b140, 5
4, 0x3b180, 6
4, 0x3b1c0, 7
2, 2
3, 0
3, 0
3, 0
3, 0
3, 0
3, 0
3, 0
3, 0
3, 0
3, 0
3, 0
3, 0
3, 0
3, 0
3, 0
3, 0
1, 0x3b000
4, 0x39090, 0
4, 0x390d0, 1
4, 0x39110, 2
4, 0x39150, 3
4, 0x39190, 4
4, 0x391d0, 5
4, 0x39210, 6
4, 0x39250, 7
4, 0x3b200, 0
4, 0x3b240, 1
4, 0x3b280, 2
4, 0x3b2c0, 3
4, 0x3b300, 4
4, 0x3b340, 5
4, 0x3b380, 6
4, 0x3b3c0, 7
2, 2
3, 0
3, 0
3, 0
3, 0
3, 0
3, 0
3, 0
3, 0
3, 0
3, 0
3, 0
3, 0
3, 0
3, 0
3, 0
3, 0
1, 0x3b200
4, 0x39290, 0
4, 0x392d0, 1
4, 0x39310, 2
4, 0x39350, 3
4, 0x39390, 4
4, 0x393d0, 5
4, 0x39410, 6
4, 0x39450, 7
4, 0x3b400, 0
4, 0x3b440, 1
4, 0x3b480, 2
4, 0x3b4c0, 3
4, 0x3b500, 4
4, 0x3b540, 5
4, 0x3b580, 6
4, 0x3b5c0, 7
2, 2
3, 0
3, 0
3, 0
3, 0
3, 0
3, 0
3, 0
3, 0
3, 0
3, 0
3, 0
3, 0
3, 0
3, 0
3, 0
3, 0
1, 0x3b400
4, 0x39490, 0
4, 0x394d0, 1
4, 0x39510, 2
4, 0x39550, 3
4, 0x39590, 4
4, 0x395d0, 5
4, 0x39610, 6
4, 0x39650, 7
4, 0x3b600, 0
4, 0x3b640, 1
4, 0x3b680, 2
4, 0x3b6c0, 3
4, 0x3b700, 4
4, 0x3b740, 5
4, 0x3b780, 6
4, 0x3b7c0, 7
2, 2
3, 0
3, 0
3, 0
3, 0
3, 0
3, 0
3, 0
3, 0
3, 0
3, 0
3, 0
3, 0
3, 0
3, 0
3, 0
3, 0
1, 0x3b600
4, 0x39690, 0
4, 0x396d0, 1
4, 0x39710, 2
4, 0x39750, 3
4, 0x39790, 4
4, 0x397d0, 5
4, 0x39810, 6
4, 0x39850, 7
4, 0x3b800, 0
4, 0x3b840, 1
4, 0x3b880, 2
4, 0x3b8c0, 3
4, 0x3b900, 4
4, 0x3b940, 5
4, 0x3b980, 6
4, 0x3b9c0, 7
2, 2
3, 0
3, 0
3, 0
3, 0
3, 0
3, 0
3, 0
3, 0
3, 0
3, 0
3, 0
3, 0
3, 0
3, 0
3, 0
3, 0
1, 0x3b800
4, 0x39890, 0
4, 0x398d0, 1
4, 0x39910, 2
4, 0x39950, 3
4, 0x39990, 4
4, 0x399d0, 5
4, 0x39a10, 6
4, 0x39a50, 7
4, 0x3ba00, 0
4, 0x3ba40, 1
4, 0x3ba80, 2
4, 0x3bac0, 3
4, 0x3bb00, 4
4, 0x3bb40, 5
4, 0x3bb80, 6
4, 0x3bbc0, 7
2, 2
3, 0
3, 0
3, 0
3, 0
3, 0
3, 0
3, 0
3, 0
3, 0
3, 0
3, 0
3, 0
3, 0
3, 0
3, 0
3, 0
1, 0x3ba00
4, 0x39a90, 0
4, 0x39ad0, 1
4, 0x39b10, 2
4, 0x39b50, 3
4, 0x39b90, 4
4, 0x39bd0, 5
4, 0x39c10, 6
4, 0x39c50, 7
4, 0x3bc00, 0
4, 0x3bc40, 1
4, 0x3bc80, 2
4, 0x3bcc0, 3
4, 0x3bd00, 4
4, 0x3bd40, 5
4, 0x3bd80, 6
4, 0x3bdc0, 7
2, 2
3, 0
3, 0
3, 0
3, 0
3, 0
3, 0
3, 0
3, 0
3, 0
3, 0
3, 0
3, 0
3, 0
3, 0
3, 0
3, 0
1, 0x3bc00
4, 0x39c90, 0
4, 0x39cd0, 1
4, 0x39d10, 2
4, 0x39d50, 3
4, 0x39d90, 4
4, 0x39dd0, 5
4, 0x39e10, 6
4, 0x39e50, 7
4, 0x3be00, 0
4, 0x3be40, 1
4, 0x3be80, 2
4, 0x3bec0, 3
4, 0x3bf00, 4
4, 0x3bf40, 5
4, 0x3bf80, 6
4, 0x3bfc0, 7
2, 2
3, 0
3, 0
3, 0
3, 0
3, 0
3, 0
3, 0
3, 0
3, 0
3, 0
3, 0
3, 0
3, 0
3, 0
3, 0
3, 0
1, 0x3be00
4, 0x39e90, 0
4, 0x39ed0, 1
4, 0x39f10, 2
4, 0x39f50, 3
4, 0x39f90, 4
4, 0x39fd0, 5
4, 0x3a010, 6
4, 0x3a050, 7
4, 0x3c000, 0
4, 0x3c040, 1
4, 0x3c080, 2
4, 0x3c0c0, 3
4, 0x3c100, 4
4, 0x3c140, 5
4, 0x3c180, 6
4, 0x3c1c0, 7
2, 2
3, 0
3, 0
3, 0
3, 0
3, 0
3, 0
3, 0
3, 0
3, 0
3, 0
3, 0
3, 0
3, 0
3, 0
3, 0
3, 0
1, 0x3c000
4, 0x3a090, 0
4, 0x3a0d0, 1
4, 0x3a110, 2
4, 0x3a150, 3
4, 0x3a190, 4
4, 0x3a1d0, 5
4, 0x3a210, 6
4, 0x3a250, 7
4, 0x3c200, 0
4, 0x3c240, 1
4, 0x3c280, 2
4, 0x3c2c0, 3
4, 0x3c300, 4
4, 0x3c340, 5
4, 0x3c380, 6
4, 0x3c3c0, 7
2, 2
3, 0
3, 0
3, 0
3, 0
3, 0
3, 0
3, 0
3, 0
3, 0
3, 0
3, 0
3, 0
3, 0
3, 0
3, 0
3, 0
3, 0
3, 0
3, 0
3, 0
1, 0x3c200
4, 0x38290, 0
4, 0x382d0, 1
4, 0x38310, 2
4, 0x38350, 3
4, 0x38390, 4
4, 0x383d0, 5
4, 0x38410, 6
4, 0x38450, 7
4, 0x3a450, 0
4, 0x3a490, 1
4, 0x3a4d0, 2
4, 0x3a510, 3
4, 0x3a550, 4
4, 0x3a590, 5
4, 0x3a5d0, 6
4, 0x3a610, 7
2, 2
3, 0
3, 0
3, 0
3, 0
3, 0
3, 0
3, 0
3, 0
3, 0
3, 0
3, 0
3, 0
3, 0
3, 0
3, 0
3, 0
1, 0x3a450
4, 0x38490, 0
4, 0x384d0, 1
4, 0x38510, 2
4, 0x38550, 3
4, 0x38590, 4
4, 0x385d0, 5
4, 0x38610, 6
4, 0x38650, 7
4, 0x3a650, 0
4, 0x3a690, 1
4, 0x3a6d0, 2
4, 0x3a710, 3
4, 0x3a750, 4
4, 0x3a790, 5
4, 0x3a7d0, 6
4, 0x3a810, 7
2, 2
3, 0
3, 0
3, 0
3, 0
3, 0
3, 0
3, 0
3, 0
3, 0
3, 0
3, 0
3, 0
3, 0
3, 0
3, 0
3, 0
1, 0x3a650
4, 0x38690, 0
4, 0x386d0, 1
4, 0x38710, 2
4, 0x38750, 3
4, 0x38790, 4
4, 0x387d0, 5
4, 0x38810, 6
4, 0x38850, 7
4, 0x3a850, 0
4, 0x3a890, 1
4, 0x3a8d0, 2
4, 0x3a910, 3
4, 0x3a950, 4
4, 0x3a990, 5
4, 0x3a9d0, 6
4, 0x3aa10, 7
2, 2
3, 0
3, 0
3, 0
3, 0
3, 0
3, 0
3, 0
3, 0
3, 0
3, 0
3, 0
3, 0
3, 0
3, 0
3, 0
3, 0
1, 0x3a850
4, 0x38890, 0
4, 0x388d0, 1
4, 0x38910, 2
4, 0x38950, 3
4, 0x38990, 4
4, 0x389d0, 5
4, 0x38a10, 6
4, 0x38a50, 7
4, 0x3aa50, 0
4, 0x3aa90, 1
4, 0x3aad0, 2
4, 0x3ab10, 3
4, 0x3ab50, 4
4, 0x3ab90, 5
4, 0x3abd0, 6
4, 0x3ac10, 7
2, 2
3, 0
3, 0
3, 0
3, 0
3, 0
3, 0
3, 0
3, 0
3, 0
3, 0
3, 0
3, 0
3, 0
3, 0
3, 0
3, 0
1, 0x3aa50
4, 0x38a90, 0
4, 0x38ad0, 1
4, 0x38b10, 2
4, 0x38b50, 3
4, 0x38b90, 4
4, 0x38bd0, 5
4, 0x38c10, 6
4, 0x38c50, 7
4, 0x3ac50, 0
4, 0x3ac90, 1
4, 0x3acd0, 2
4, 0x3ad10, 3
4, 0x3ad50, 4
4, 0x3ad90, 5
4, 0x3add0, 6
4, 0x3ae10, 7
2, 2
3, 0
3, 0
3, 0
3, 0
3, 0
3, 0
3, 0
3, 0
3, 0
3, 0
3, 0
3, 0
3, 0
3, 0
3, 0
3, 0
1, 0x3ac50
4, 0x38c90, 0
4, 0x38cd0, 1
4, 0x38d10, 2
4, 0x38d50, 3
4, 0x38d90, 4
4, 0x38dd0, 5
4, 0x38e10, 6
4, 0x38e50, 7
4, 0x3ae50, 0
4, 0x3ae90, 1
4, 0x3aed0, 2
4, 0x3af10, 3
4, 0x3af50, 4
4, 0x3af90, 5
4, 0x3afd0, 6
4, 0x3b010, 7
2, 2
3, 0
3, 0
3, 0
3, 0
3, 0
3, 0
3, 0
3, 0
3, 0
3, 0
3, 0
3, 0
3, 0
3, 0
3, 0
3, 0
1, 0x3ae50
4, 0x38e90, 0
4, 0x38ed0, 1
4, 0x38f10, 2
4, 0x38f50, 3
4, 0x38f90, 4
4, 0x38fd0, 5
4, 0x39010, 6
4, 0x39050, 7
4, 0x3b050, 0
4, 0x3b090, 1
4, 0x3b0d0, 2
4, 0x3b110, 3
4, 0x3b150, 4
4, 0x3b190, 5
4, 0x3b1d0, 6
4, 0x3b210, 7
2, 2
3, 0
3, 0
3, 0
3, 0
3, 0
3, 0
3, 0
3, 0
3, 0
3, 0
3, 0
3, 0
3, 0
3, 0
3, 0
3, 0
1, 0x3b050
4, 0x39090, 0
4, 0x390d0, 1
4, 0x39110, 2
4, 0x39150, 3
4, 0x39190, 4
4, 0x391d0, 5
4, 0x39210, 6
4, 0x39250, 7
4, 0x3b250, 0
4, 0x3b290, 1
4, 0x3b2d0, 2
4, 0x3b310, 3
4, 0x3b350, 4
4, 0x3b390, 5
4, 0x3b3d0, 6
4, 0x3b410, 7
2, 2
3, 0
3, 0
3, 0
3, 0
3, 0
3, 0
3, 0
3, 0
3, 0
3, 0
3, 0
3, 0
3, 0
3, 0
3, 0
3, 0
1, 0x3b250
4, 0x39290, 0
4, 0x392d0, 1
4, 0x39310, 2
4, 0x39350, 3
4, 0x39390, 4
4, 0x393d0, 5
4, 0x39410, 6
4, 0x39450, 7
4, 0x3b450, 0
4, 0x3b490, 1
4, 0x3b4d0, 2
4, 0x3b510, 3
4, 0x3b550, 4
4, 0x3b590, 5
4, 0x3b5d0, 6
4, 0x3b610, 7
2, 2
3, 0
3, 0
3, 0
3, 0
3, 0
3, 0
3, 0
3, 0
3, 0
3, 0
3, 0
3, 0
3, 0
3, 0
3, 0
3, 0
1, 0x3b450
4, 0x39490, 0
4, 0x394d0, 1
4, 0x39510, 2
4, 0x39550, 3
4, 0x39590, 4
4, 0x395d0, 5
4, 0x39610, 6
4, 0x39650, 7
4, 0x3b650, 0
4, 0x3b690, 1
4, 0x3b6d0, 2
4, 0x3b710, 3
4, 0x3b750, 4
4, 0x3b790, 5
4, 0x3b7d0, 6
4, 0x3b810, 7
2, 2
3, 0
3, 0
3, 0
3, 0
3, 0
3, 0
3, 0
3, 0
3, 0
3, 0
3, 0
3, 0
3, 0
3, 0
3, 0
3, 0
1, 0x3b650
4, 0x39690, 0
4, 0x396d0, 1
4, 0x39710, 2
4, 0x39750, 3
4, 0x39790, 4
4, 0x397d0, 5
4, 0x39810, 6
4, 0x39850, 7
4, 0x3b850, 0
4, 0x3b890, 1
4, 0x3b8d0, 2
4, 0x3b910, 3
4, 0x3b950, 4
4, 0x3b990, 5
4, 0x3b9d0, 6
4, 0x3ba10, 7
2, 2
3, 0
3, 0
3, 0
3, 0
3, 0
3, 0
3, 0
3, 0
3, 0
3, 0
3, 0
3, 0
3, 0
3, 0
3, 0
3, 0
1, 0x3b850
4, 0x39890, 0
4, 0x398d0, 1
4, 0x39910, 2
4, 0x39950, 3
4, 0x39990, 4
4, 0x399d0, 5
4, 0x39a10, 6
4, 0x39a50, 7
4, 0x3ba50, 0
4, 0x3ba90, 1
4, 0x3bad0, 2
4, 0x3bb10, 3
4, 0x3bb50, 4
4, 0x3bb90, 5
4, 0x3bbd0, 6
4, 0x3bc10, 7
2, 2
3, 0
3, 0
3, 0
3, 0
3, 0
3, 0
3, 0
3, 0
3, 0
3, 0
3, 0
3, 0
3, 0
3, 0
3, 0
3, 0
1, 0x3ba50
4, 0x39a90, 0
4, 0x39ad0, 1
4, 0x39b10, 2
4, 0x39b50, 3
4, 0x39b90, 4
4, 0x39bd0, 5
4, 0x39c10, 6
4, 0x39c50, 7
4, 0x3bc50, 0
4, 0x3bc90, 1
4, 0x3bcd0, 2
4, 0x3bd10, 3
4, 0x3bd50, 4
4, 0x3bd90, 5
4, 0x3bdd0, 6
4, 0x3be10, 7
2, 2
3, 0
3, 0
3, 0
3, 0
3, 0
3, 0
3, 0
3, 0
3, 0
3, 0
3, 0
3, 0
3, 0
3, 0
3, 0
3, 0
1, 0x3bc50
4, 0x39c90, 0
4, 0x39cd0, 1
4, 0x39d10, 2
4, 0x39d50, 3
4, 0x39d90, 4
4, 0x39dd0, 5
4, 0x39e10, 6
4, 0x39e50, 7
4, 0x3be50, 0
4, 0x3be90, 1
4, 0x3bed0, 2
4, 0x3bf10, 3
4, 0x3bf50, 4
4, 0x3bf90, 5
4, 0x3bfd0, 6
4, 0x3c010, 7
2, 2
3, 0
3, 0
3, 0
3, 0
3, 0
3, 0
3, 0
3, 0
3, 0
3, 0
3, 0
3, 0
3, 0
3, 0
3, 0
3, 0
1, 0x3be50
4, 0x39e90, 0
4, 0x39ed0, 1
4, 0x39f10, 2
4, 0x39f50, 3
4, 0x39f90, 4
4, 0x39fd0, 5
4, 0x3a010, 6
4, 0x3a050, 7
4, 0x3c050, 0
4, 0x3c090, 1
4, 0x3c0d0, 2
4, 0x3c110, 3
4, 0x3c150, 4
4, 0x3c190, 5
4, 0x3c1d0, 6
4, 0x3c210, 7
2, 2
3, 0
3, 0
3, 0
3, 0
3, 0
3, 0
3, 0
3, 0
3, 0
3, 0
3, 0
3, 0
3, 0
3, 0
3, 0
3, 0
1, 0x3c050
4, 0x3a090, 0
4, 0x3a0d0, 1
4, 0x3a110, 2
4, 0x3a150, 3
4, 0x3a190, 4
4, 0x3a1d0, 5
4, 0x3a210, 6
4, 0x3a250, 7
4, 0x3c250, 0
4, 0x3c290, 1
4, 0x3c2d0, 2
4, 0x3c310, 3
4, 0x3c350, 4
4, 0x3c390, 5
4, 0x3c3d0, 6
4, 0x3c410, 7
2, 2
3, 0
3, 0
3, 0
3, 0
3, 0
3, 0
3, 0
3, 0
3, 0
3, 0
3, 0
3, 0
3, 0
3, 0
3, 0
3, 0
3, 0
3, 0
3, 0
3, 0
1, 0x3c250
4, 0x38290, 0
4, 0x382d0, 1
4, 0x38310, 2
4, 0x38350, 3
4, 0x38390, 4
4, 0x383d0, 5
4, 0x38410, 6
4, 0x38450, 7
4, 0x3a4a0, 0
4, 0x3a4e0, 1
4, 0x3a520, 2
4, 0x3a560, 3
4, 0x3a5a0, 4
4, 0x3a5e0, 5
4, 0x3a620, 6
4, 0x3a660, 7
2, 2
3, 0
3, 0
3, 0
3, 0
3, 0
3, 0
3, 0
3, 0
3, 0
3, 0
3, 0
3, 0
3, 0
3, 0
3, 0
3, 0
1, 0x3a4a0
4, 0x38490, 0
4, 0x384d0, 1
4, 0x38510, 2
4, 0x38550, 3
4, 0x38590, 4
4, 0x385d0, 5
4, 0x38610, 6
4, 0x38650, 7
4, 0x3a6a0, 0
4, 0x3a6e0, 1
4, 0x3a720, 2
4, 0x3a760, 3
4, 0x3a7a0, 4
4, 0x3a7e0, 5
4, 0x3a820, 6
4, 0x3a860, 7
2, 2
3, 0
3, 0
3, 0
3, 0
3, 0
3, 0
3, 0
3, 0
3, 0
3, 0
3, 0
3, 0
3, 0
3, 0
3, 0
3, 0
1, 0x3a6a0
4, 0x38690, 0
4, 0x386d0, 1
4, 0x38710, 2
4, 0x38750, 3
4, 0x38790, 4
4, 0x387d0, 5
4, 0x38810, 6
4, 0x38850, 7
4, 0x3a8a0, 0
4, 0x3a8e0, 1
4, 0x3a920, 2
4, 0x3a960, 3
4, 0x3a9a0, 4
4, 0x3a9e0, 5
4, 0x3aa20, 6
4, 0x3aa60, 7
2, 2
3, 0
3, 0
3, 0
3, 0
3, 0
3, 0
3, 0
3, 0
3, 0
3, 0
3, 0
3, 0
3, 0
3, 0
3, 0
3, 0
1, 0x3a8a0
4, 0x38890, 0
4, 0x388d0, 1
4, 0x38910, 2
4, 0x38950, 3
4, 0x38990, 4
4, 0x389d0, 5
4, 0x38a10, 6
4, 0x38a50, 7
4, 0x3aaa0, 0
4, 0x3aae0, 1
4, 0x3ab20, 2
4, 0x3ab60, 3
4, 0x3aba0, 4
4, 0x3abe0, 5
4, 0x3ac20, 6
4, 0x3ac60, 7
2, 2
3, 0
3, 0
3, 0
3, 0
3, 0
3, 0
3, 0
3, 0
3, 0
3, 0
3, 0
3, 0
3, 0
3, 0
3, 0
3, 0
1, 0x3aaa0
4, 0x38a90, 0
4, 0x38ad0, 1
4, 0x38b10, 2
4, 0x38b50, 3
4, 0x38b90, 4
4, 0x38bd0, 5
4, 0x38c10, 6
4, 0x38c50, 7
4, 0x3aca0, 0
4, 0x3ace0, 1
4, 0x3ad20, 2
4, 0x3ad60, 3
4, 0x3ada0, 4
4, 0x3ade0, 5
4, 0x3ae20, 6
4, 0x3ae60, 7
2, 2
3, 0
3, 0
3, 0
3, 0
3, 0
3, 0
3, 0
3, 0
3, 0
3, 0
3, 0
3, 0
3, 0
3, 0
3, 0
3, 0
1, 0x3aca0
4, 0x38c90, 0
4, 0x38cd0, 1
4, 0x38d10, 2
4, 0x38d50, 3
4, 0x38d90, 4
4, 0x38dd0, 5
4, 0x38e10, 6
4, 0x38e50, 7
4, 0x3aea0, 0
4, 0x3aee0, 1
4, 0x3af20, 2
4, 0x3af60, 3
4, 0x3afa0, 4
4, 0x3afe0, 5
4, 0x3b020, 6
4, 0x3b060, 7
2, 2
3, 0
3, 0
3, 0
3, 0
3, 0
3, 0
3, 0
3, 0
3, 0
3, 0
3, 0
3, 0
3, 0
3, 0
3, 0
3, 0
1, 0x3aea0
4, 0x38e90, 0
4, 0x38ed0, 1
4, 0x38f10, 2
4, 0x38f50, 3
4, 0x38f90, 4
4, 0x38fd0, 5
4, 0x39010, 6
4, 0x39050, 7
4, 0x3b0a0, 0
4, 0x3b0e0, 1
4, 0x3b120, 2
4, 0x3b160, 3
4, 0x3b1a0, 4
4, 0x3b1e0, 5
4, 0x3b220, 6
4, 0x3b260, 7
2, 2
3, 0
3, 0
3, 0
3, 0
3, 0
3, 0
3, 0
3, 0
3, 0
3, 0
3, 0
3, 0
3, 0
3, 0
3, 0
3, 0
1, 0x3b0a0
4, 0x39090, 0
4, 0x390d0, 1
4, 0x39110, 2
4, 0x39150, 3
4, 0x39190, 4
4, 0x391d0, 5
4, 0x39210, 6
4, 0x39250, 7
4, 0x3b2a0, 0
4, 0x3b2e0, 1
4, 0x3b320, 2
4, 0x3b360, 3
4, 0x3b3a0, 4
4, 0x3b3e0, 5
4, 0x3b420, 6
4, 0x3b460, 7
2, 2
3, 0
3, 0
3, 0
3, 0
3, 0
3, 0
3, 0
3, 0
3, 0
3, 0
3, 0
3, 0
3, 0
3, 0
3, 0
3, 0
1, 0x3b2a0
4, 0x39290, 0
4, 0x392d0, 1
4, 0x39310, 2
4, 0x39350, 3
4, 0x39390, 4
4, 0x393d0, 5
4, 0x39410, 6
4, 0x39450, 7
4, 0x3b4a0, 0
4, 0x3b4e0, 1
4, 0x3b520, 2
4, 0x3b560, 3
4, 0x3b5a0, 4
4, 0x3b5e0, 5
4, 0x3b620, 6
4, 0x3b660, 7
2, 2
3, 0
3, 0
3, 0
3, 0
3, 0
3, 0
3, 0
3, 0
3, 0
3, 0
3, 0
3, 0
3, 0
3, 0
3, 0
3, 0
1, 0x3b4a0
4, 0x39490, 0
4, 0x394d0, 1
4, 0x39510, 2
4, 0x39550, 3
4, 0x39590, 4
4, 0x395d0, 5
4, 0x39610, 6
4, 0x39650, 7
4, 0x3b6a0, 0
4, 0x3b6e0, 1
4, 0x3b720, 2
4, 0x3b760, 3
4, 0x3b7a0, 4
4, 0x3b7e0, 5
4, 0x3b820, 6
4, 0x3b860, 7
2, 2
3, 0
3, 0
3, 0
3, 0
3, 0
3, 0
3, 0
3, 0
3, 0
3, 0
3, 0
3, 0
3, 0
3, 0
3, 0
3, 0
1, 0x3b6a0
4, 0x39690, 0
4, 0x396d0, 1
4, 0x39710, 2
4, 0x39750, 3
4, 0x39790, 4
4, 0x397d0, 5
4, 0x39810, 6
4, 0x39850, 7
4, 0x3b8a0, 0
4, 0x3b8e0, 1
4, 0x3b920, 2
4, 0x3b960, 3
4, 0x3b9a0, 4
4, 0x3b9e0, 5
4, 0x3ba20, 6
4, 0x3ba60, 7
2, 2
3, 0
3, 0
3, 0
3, 0
3, 0
3, 0
3, 0
3, 0
3, 0
3, 0
3, 0
3, 0
3, 0
3, 0
3, 0
3, 0
1, 0x3b8a0
4, 0x39890, 0
4, 0x398d0, 1
4, 0x39910, 2
4, 0x39950, 3
4, 0x39990, 4
4, 0x399d0, 5
4, 0x39a10, 6
4, 0x39a50, 7
4, 0x3baa0, 0
4, 0x3bae0, 1
4, 0x3bb20, 2
4, 0x3bb60, 3
4, 0x3bba0, 4
4, 0x3bbe0, 5
4, 0x3bc20, 6
4, 0x3bc60, 7
2, 2
3, 0
3, 0
3, 0
3, 0
3, 0
3, 0
3, 0
3, 0
3, 0
3, 0
3, 0
3, 0
3, 0
3, 0
3, 0
3, 0
1, 0x3baa0
4, 0x39a90, 0
4, 0x39ad0, 1
4, 0x39b10, 2
4, 0x39b50, 3
4, 0x39b90, 4
4, 0x39bd0, 5
4, 0x39c10, 6
4, 0x39c50, 7
4, 0x3bca0, 0
4, 0x3bce0, 1
4, 0x3bd20, 2
4, 0x3bd60, 3
4, 0x3bda0, 4
4, 0x3bde0, 5
4, 0x3be20, 6
4, 0x3be60, 7
2, 2
3, 0
3, 0
3, 0
3, 0
3, 0
3, 0
3, 0
3, 0
3, 0
3, 0
3, 0
3, 0
3, 0
3, 0
3, 0
3, 0
1, 0x3bca0
4, 0x39c90, 0
4, 0x39cd0, 1
4, 0x39d10, 2
4, 0x39d50, 3
4, 0x39d90, 4
4, 0x39dd0, 5
4, 0x39e10, 6
4, 0x39e50, 7
4, 0x3bea0, 0
4, 0x3bee0, 1
4, 0x3bf20, 2
4, 0x3bf60, 3
4, 0x3bfa0, 4
4, 0x3bfe0, 5
4, 0x3c020, 6
4, 0x3c060, 7
2, 2
3, 0
3, 0
3, 0
3, 0
3, 0
3, 0
3, 0
3, 0
3, 0
3, 0
3, 0
3, 0
3, 0
3, 0
3, 0
3, 0
1, 0x3bea0
4, 0x39e90, 0
4, 0x39ed0, 1
4, 0x39f10, 2
4, 0x39f50, 3
4, 0x39f90, 4
4, 0x39fd0, 5
4, 0x3a010, 6
4, 0x3a050, 7
4, 0x3c0a0, 0
4, 0x3c0e0, 1
4, 0x3c120, 2
4, 0x3c160, 3
4, 0x3c1a0, 4
4, 0x3c1e0, 5
4, 0x3c220, 6
4, 0x3c260, 7
2, 2
3, 0
3, 0
3, 0
3, 0
3, 0
3, 0
3, 0
3, 0
3, 0
3, 0
3, 0
3, 0
3, 0
3, 0
3, 0
3, 0
1, 0x3c0a0
4, 0x3a090, 0
4, 0x3a0d0, 1
4, 0x3a110, 2
4, 0x3a150, 3
4, 0x3a190, 4
4, 0x3a1d0, 5
4, 0x3a210, 6
4, 0x3a250, 7
4, 0x3c2a0, 0
4, 0x3c2e0, 1
4, 0x3c320, 2
4, 0x3c360, 3
4, 0x3c3a0, 4
4, 0x3c3e0, 5
4, 0x3c420, 6
4, 0x3c460, 7
2, 2
3, 0
3, 0
3, 0
3, 0
3, 0
3, 0
3, 0
3, 0
3, 0
3, 0
3, 0
3, 0
3, 0
3, 0
3, 0
3, 0
3, 0
3, 0
3, 0
3, 0
1, 0x3c2a0
4, 0x38290, 0
4, 0x382d0, 1
4, 0x38310, 2
4, 0x38350, 3
4, 0x38390, 4
4, 0x383d0, 5
4, 0x38410, 6
4, 0x38450, 7
4, 0x3a4f0, 0
4, 0x3a530, 1
4, 0x3a570, 2
4, 0x3a5b0, 3
4, 0x3a5f0, 4
4, 0x3a630, 5
4, 0x3a670, 6
4, 0x3a6b0, 7
2, 2
3, 0
3, 0
3, 0
3, 0
3, 0
3, 0
3, 0
3, 0
3, 0
3, 0
3, 0
3, 0
3, 0
3, 0
3, 0
3, 0
1, 0x3a4f0
4, 0x38490, 0
4, 0x384d0, 1
4, 0x38510, 2
4, 0x38550, 3
4, 0x38590, 4
4, 0x385d0, 5
4, 0x38610, 6
4, 0x38650, 7
4, 0x3a6f0, 0
4, 0x3a730, 1
4, 0x3a770, 2
4, 0x3a7b0, 3
4, 0x3a7f0, 4
4, 0x3a830, 5
4, 0x3a870, 6
4, 0x3a8b0, 7
2, 2
3, 0
3, 0
3, 0
3, 0
3, 0
3, 0
3, 0
3, 0
3, 0
3, 0
3, 0
3, 0
3, 0
3, 0
3, 0
3, 0
1, 0x3a6f0
4, 0x38690, 0
4, 0x386d0, 1
4, 0x38710, 2
4, 0x38750, 3
4, 0x38790, 4
4, 0x387d0, 5
4, 0x38810, 6
4, 0x38850, 7
4, 0x3a8f0, 0
4, 0x3a930, 1
4, 0x3a970, 2
4, 0x3a9b0, 3
4, 0x3a9f0, 4
4, 0x3aa30, 5
4, 0x3aa70, 6
4, 0x3aab0, 7
2, 2
3, 0
3, 0
3, 0
3, 0
3, 0
3, 0
3, 0
3, 0
3, 0
3, 0
3, 0
3, 0
3, 0
3, 0
3, 0
3, 0
1, 0x3a8f0
4, 0x38890, 0
4, 0x388d0, 1
4, 0x38910, 2
4, 0x38950, 3
4, 0x38990, 4
4, 0x389d0, 5
4, 0x38a10, 6
4, 0x38a50, 7
4, 0x3aaf0, 0
4, 0x3ab30, 1
4, 0x3ab70, 2
4, 0x3abb0, 3
4, 0x3abf0, 4
4, 0x3ac30, 5
4, 0x3ac70, 6
4, 0x3acb0, 7
2, 2
3, 0
3, 0
3, 0
3, 0
3, 0
3, 0
3, 0
3, 0
3, 0
3, 0
3, 0
3, 0
3, 0
3, 0
3, 0
3, 0
1, 0x3aaf0
4, 0x38a90, 0
4, 0x38ad0, 1
4, 0x38b10, 2
4, 0x38b50, 3
4, 0x38b90, 4
4, 0x38bd0, 5
4, 0x38c10, 6
4, 0x38c50, 7
4, 0x3acf0, 0
4, 0x3ad30, 1
4, 0x3ad70, 2
4, 0x3adb0, 3
4, 0x3adf0, 4
4, 0x3ae30, 5
4, 0x3ae70, 6
4, 0x3aeb0, 7
2, 2
3, 0
3, 0
3, 0
3, 0
3, 0
3, 0
3, 0
3, 0
3, 0
3, 0
3, 0
3, 0
3, 0
3, 0
3, 0
3, 0
1, 0x3acf0
4, 0x38c90, 0
4, 0x38cd0, 1
4, 0x38d10, 2
4, 0x38d50, 3
4, 0x38d90, 4
4, 0x38dd0, 5
4, 0x38e10, 6
4, 0x38e50, 7
4, 0x3aef0, 0
4, 0x3af30, 1
4, 0x3af70, 2
4, 0x3afb0, 3
4, 0x3aff0, 4
4, 0x3b030, 5
4, 0x3b070, 6
4, 0x3b0b0, 7
2, 2
3, 0
3, 0
3, 0
3, 0
3, 0
3, 0
3, 0
3, 0
3, 0
3, 0
3, 0
3, 0
3, 0
3, 0
3, 0
3, 0
1, 0x3aef0
4, 0x38e90, 0
4, 0x38ed0, 1
4, 0x38f10, 2
4, 0x38f50, 3
4, 0x38f90, 4
4, 0x38fd0, 5
4, 0x39010, 6
4, 0x39050, 7
4, 0x3b0f0, 0
4, 0x3b130, 1
4, 0x3b170, 2
4, 0x3b1b0, 3
4, 0x3b1f0, 4
4, 0x3b230, 5
4, 0x3b270, 6
4, 0x3b2b0, 7
2, 2
3, 0
3, 0
3, 0
3, 0
3, 0
3, 0
3, 0
3, 0
3, 0
3, 0
3, 0
3, 0
3, 0
3, 0
3, 0
3, 0
1, 0x3b0f0
4, 0x39090, 0
4, 0x390d0, 1
4, 0x39110, 2
4, 0x39150, 3
4, 0x39190, 4
4, 0x391d0, 5
4, 0x39210, 6
4, 0x39250, 7
4, 0x3b2f0, 0
4, 0x3b330, 1
4, 0x3b370, 2
4, 0x3b3b0, 3
4, 0x3b3f0, 4
4, 0x3b430, 5
4, 0x3b470, 6
4, 0x3b4b0, 7
2, 2
3, 0
3, 0
3, 0
3, 0
3, 0
3, 0
3, 0
3, 0
3, 0
3, 0
3, 0
3, 0
3, 0
3, 0
3, 0
3, 0
1, 0x3b2f0
4, 0x39290, 0
4, 0x392d0, 1
4, 0x39310, 2
4, 0x39350, 3
4, 0x39390, 4
4, 0x393d0, 5
4, 0x39410, 6
4, 0x39450, 7
4, 0x3b4f0, 0
4, 0x3b530, 1
4, 0x3b570, 2
4, 0x3b5b0, 3
4, 0x3b5f0, 4
4, 0x3b630, 5
4, 0x3b670, 6
4, 0x3b6b0, 7
2, 2
3, 0
3, 0
3, 0
3, 0
3, 0
3, 0
3, 0
3, 0
3, 0
3, 0
3, 0
3, 0
3, 0
3, 0
3, 0
3, 0
1, 0x3b4f0
4, 0x39490, 0
4, 0x394d0, 1
4, 0x39510, 2
4, 0x39550, 3
4, 0x39590, 4
4, 0x395d0, 5
4, 0x39610, 6
4, 0x39650, 7
4, 0x3b6f0, 0
4, 0x3b730, 1
4, 0x3b770, 2
4, 0x3b7b0, 3
4, 0x3b7f0, 4
4, 0x3b830, 5
4, 0x3b870, 6
4, 0x3b8b0, 7
2, 2
3, 0
3, 0
3, 0
3, 0
3, 0
3, 0
3, 0
3, 0
3, 0
3, 0
3, 0
3, 0
3, 0
3, 0
3, 0
3, 0
1, 0x3b6f0
4, 0x39690, 0
4, 0x396d0, 1
4, 0x39710, 2
4, 0x39750, 3
4, 0x39790, 4
4, 0x397d0, 5
4, 0x39810, 6
4, 0x39850, 7
4, 0x3b8f0, 0
4, 0x3b930, 1
4, 0x3b970, 2
4, 0x3b9b0, 3
4, 0x3b9f0, 4
4, 0x3ba30, 5
4, 0x3ba70, 6
4, 0x3bab0, 7
2, 2
3, 0
3, 0
3, 0
3, 0
3, 0
3, 0
3, 0
3, 0
3, 0
3, 0
3, 0
3, 0
3, 0
3, 0
3, 0
3, 0
1, 0x3b8f0
4, 0x39890, 0
4, 0x398d0, 1
4, 0x39910, 2
4, 0x39950, 3
4, 0x39990, 4
4, 0x399d0, 5
4, 0x39a10, 6
4, 0x39a50, 7
4, 0x3baf0, 0
4, 0x3bb30, 1
4, 0x3bb70, 2
4, 0x3bbb0, 3
4, 0x3bbf0, 4
4, 0x3bc30, 5
4, 0x3bc70, 6
4, 0x3bcb0, 7
2, 2
3, 0
3, 0
3, 0
3, 0
3, 0
3, 0
3, 0
3, 0
3, 0
3, 0
3, 0
3, 0
3, 0
3, 0
3, 0
3, 0
1, 0x3baf0
4, 0x39a90, 0
4, 0x39ad0, 1
4, 0x39b10, 2
4, 0x39b50, 3
4, 0x39b90, 4
4, 0x39bd0, 5
4, 0x39c10, 6
4, 0x39c50, 7
4, 0x3bcf0, 0
4, 0x3bd30, 1
4, 0x3bd70, 2
4, 0x3bdb0, 3
4, 0x3bdf0, 4
4, 0x3be30, 5
4, 0x3be70, 6
4, 0x3beb0, 7
2, 2
3, 0
3, 0
3, 0
3, 0
3, 0
3, 0
3, 0
3, 0
3, 0
3, 0
3, 0
3, 0
3, 0
3, 0
3, 0
3, 0
1, 0x3bcf0
4, 0x39c90, 0
4, 0x39cd0, 1
4, 0x39d10, 2
4, 0x39d50, 3
4, 0x39d90, 4
4, 0x39dd0, 5
4, 0x39e10, 6
4, 0x39e50, 7
4, 0x3bef0, 0
4, 0x3bf30, 1
4, 0x3bf70, 2
4, 0x3bfb0, 3
4, 0x3bff0, 4
4, 0x3c030, 5
4, 0x3c070, 6
4, 0x3c0b0, 7
2, 2
3, 0
3, 0
3, 0
3, 0
3, 0
3, 0
3, 0
3, 0
3, 0
3, 0
3, 0
3, 0
3, 0
3, 0
3, 0
3, 0
1, 0x3bef0
4, 0x39e90, 0
4, 0x39ed0, 1
4, 0x39f10, 2
4, 0x39f50, 3
4, 0x39f90, 4
4, 0x39fd0, 5
4, 0x3a010, 6
4, 0x3a050, 7
4, 0x3c0f0, 0
4, 0x3c130, 1
4, 0x3c170, 2
4, 0x3c1b0, 3
4, 0x3c1f0, 4
4, 0x3c230, 5
4, 0x3c270, 6
4, 0x3c2b0, 7
2, 2
3, 0
3, 0
3, 0
3, 0
3, 0
3, 0
3, 0
3, 0
3, 0
3, 0
3, 0
3, 0
3, 0
3, 0
3, 0
3, 0
1, 0x3c0f0
4, 0x3a090, 0
4, 0x3a0d0, 1
4, 0x3a110, 2
4, 0x3a150, 3
4, 0x3a190, 4
4, 0x3a1d0, 5
4, 0x3a210, 6
4, 0x3a250, 7
4, 0x3c2f0, 0
4, 0x3c330, 1
4, 0x3c370, 2
4, 0x3c3b0, 3
4, 0x3c3f0, 4
4, 0x3c430, 5
4, 0x3c470, 6
4, 0x3c4b0, 7
2, 2
3, 0
3, 0
3, 0
3, 0
3, 0
3, 0
3, 0
3, 0
3, 0
3, 0
3, 0
3, 0
3, 0
3, 0
3, 0
3, 0
3, 0
3, 0
3, 0
3, 0
1, 0x3c2f0
4, 0x38290, 0
4, 0x382d0, 1
4, 0x38310, 2
4, 0x38350, 3
4, 0x38390, 4
4, 0x383d0, 5
4, 0x38410, 6
4, 0x38450, 7
4, 0x3a540, 0
4, 0x3a580, 1
4, 0x3a5c0, 2
4, 0x3a600, 3
4, 0x3a640, 4
4, 0x3a680, 5
4, 0x3a6c0, 6
4, 0x3a700, 7
2, 2
3, 0
3, 0
3, 0
3, 0
3, 0
3, 0
3, 0
3, 0
3, 0
3, 0
3, 0
3, 0
3, 0
3, 0
3, 0
3, 0
1, 0x3a540
4, 0x38490, 0
4, 0x384d0, 1
4, 0x38510, 2
4, 0x38550, 3
4, 0x38590, 4
4, 0x385d0, 5
4, 0x38610, 6
4, 0x38650, 7
4, 0x3a740, 0
4, 0x3a780, 1
4, 0x3a7c0, 2
4, 0x3a800, 3
4, 0x3a840, 4
4, 0x3a880, 5
4, 0x3a8c0, 6
4, 0x3a900, 7
2, 2
3, 0
3, 0
3, 0
3, 0
3, 0
3, 0
3, 0
3, 0
3, 0
3, 0
3, 0
3, 0
3, 0
3, 0
3, 0
3, 0
1, 0x3a740
4, 0x38690, 0
4, 0x386d0, 1
4, 0x38710, 2
4, 0x38750, 3
4, 0x38790, 4
4, 0x387d0, 5
4, 0x38810, 6
4, 0x38850, 7
4, 0x3a940, 0
4, 0x3a980, 1
4, 0x3a9c0, 2
4, 0x3aa00, 3
4, 0x3aa40, 4
4, 0x3aa80, 5
4, 0x3aac0, 6
4, 0x3ab00, 7
2, 2
3, 0
3, 0
3, 0
3, 0
3, 0
3, 0
3, 0
3, 0
3, 0
3, 0
3, 0
3, 0
3, 0
3, 0
3, 0
3, 0
1, 0x3a940
4, 0x38890, 0
4, 0x388d0, 1
4, 0x38910, 2
4, 0x38950, 3
4, 0x38990, 4
4, 0x389d0, 5
4, 0x38a10, 6
4, 0x38a50, 7
4, 0x3ab40, 0
4, 0x3ab80, 1
4, 0x3abc0, 2
4, 0x3ac00, 3
4, 0x3ac40, 4
4, 0x3ac80, 5
4, 0x3acc0, 6
4, 0x3ad00, 7
2, 2
3, 0
3, 0
3, 0
3, 0
3, 0
3, 0
3, 0
3, 0
3, 0
3, 0
3, 0
3, 0
3, 0
3, 0
3, 0
3, 0
1, 0x3ab40
4, 0x38a90, 0
4, 0x38ad0, 1
4, 0x38b10, 2
4, 0x38b50, 3
4, 0x38b90, 4
4, 0x38bd0, 5
4, 0x38c10, 6
4, 0x38c50, 7
4, 0x3ad40, 0
4, 0x3ad80, 1
4, 0x3adc0, 2
4, 0x3ae00, 3
4, 0x3ae40, 4
4, 0x3ae80, 5
4, 0x3aec0, 6
4, 0x3af00, 7
2, 2
3, 0
3, 0
3, 0
3, 0
3, 0
3, 0
3, 0
3, 0
3, 0
3, 0
3, 0
3, 0
3, 0
3, 0
3, 0
3, 0
1, 0x3ad40
4, 0x38c90, 0
4, 0x38cd0, 1
4, 0x38d10, 2
4, 0x38d50, 3
4, 0x38d90, 4
4, 0x38dd0, 5
4, 0x38e10, 6
4, 0x38e50, 7
4, 0x3af40, 0
4, 0x3af80, 1
4, 0x3afc0, 2
4, 0x3b000, 3
4, 0x3b040, 4
4, 0x3b080, 5
4, 0x3b0c0, 6
4, 0x3b100, 7
2, 2
3, 0
3, 0
3, 0
3, 0
3, 0
3, 0
3, 0
3, 0
3, 0
3, 0
3, 0
3, 0
3, 0
3, 0
3, 0
3, 0
1, 0x3af40
4, 0x38e90, 0
4, 0x38ed0, 1
4, 0x38f10, 2
4, 0x38f50, 3
4, 0x38f90, 4
4, 0x38fd0, 5
4, 0x39010, 6
4, 0x39050, 7
4, 0x3b140, 0
4, 0x3b180, 1
4, 0x3b1c0, 2
4, 0x3b200, 3
4, 0x3b240, 4
4, 0x3b280, 5
4, 0x3b2c0, 6
4, 0x3b300, 7
2, 2
3, 0
3, 0
3, 0
3, 0
3, 0
3, 0
3, 0
3, 0
3, 0
3, 0
3, 0
3, 0
3, 0
3, 0
3, 0
3, 0
1, 0x3b140
4, 0x39090, 0
4, 0x390d0, 1
4, 0x39110, 2
4, 0x39150, 3
4, 0x39190, 4
4, 0x391d0, 5
4, 0x39210, 6
4, 0x39250, 7
4, 0x3b340, 0
4, 0x3b380, 1
4, 0x3b3c0, 2
4, 0x3b400, 3
4, 0x3b440, 4
4, 0x3b480, 5
4, 0x3b4c0, 6
4, 0x3b500, 7
2, 2
3, 0
3, 0
3, 0
3, 0
3, 0
3, 0
3, 0
3, 0
3, 0
3, 0
3, 0
3, 0
3, 0
3, 0
3, 0
3, 0
1, 0x3b340
4, 0x39290, 0
4, 0x392d0, 1
4, 0x39310, 2
4, 0x39350, 3
4, 0x39390, 4
4, 0x393d0, 5
4, 0x39410, 6
4, 0x39450, 7
4, 0x3b540, 0
4, 0x3b580, 1
4, 0x3b5c0, 2
4, 0x3b600, 3
4, 0x3b640, 4
4, 0x3b680, 5
4, 0x3b6c0, 6
4, 0x3b700, 7
2, 2
3, 0
3, 0
3, 0
3, 0
3, 0
3, 0
3, 0
3, 0
3, 0
3, 0
3, 0
3, 0
3, 0
3, 0
3, 0
3, 0
1, 0x3b540
4, 0x39490, 0
4, 0x394d0, 1
4, 0x39510, 2
4, 0x39550, 3
4, 0x39590, 4
4, 0x395d0, 5
4, 0x39610, 6
4, 0x39650, 7
4, 0x3b740, 0
4, 0x3b780, 1
4, 0x3b7c0, 2
4, 0x3b800, 3
4, 0x3b840, 4
4, 0x3b880, 5
4, 0x3b8c0, 6
4, 0x3b900, 7
2, 2
3, 0
3, 0
3, 0
3, 0
3, 0
3, 0
3, 0
3, 0
3, 0
3, 0
3, 0
3, 0
3, 0
3, 0
3, 0
3, 0
1, 0x3b740
4, 0x39690, 0
4, 0x396d0, 1
4, 0x39710, 2
4, 0x39750, 3
4, 0x39790, 4
4, 0x397d0, 5
4, 0x39810, 6
4, 0x39850, 7
4, 0x3b940, 0
4, 0x3b980, 1
4, 0x3b9c0, 2
4, 0x3ba00, 3
4, 0x3ba40, 4
4, 0x3ba80, 5
4, 0x3bac0, 6
4, 0x3bb00, 7
2, 2
3, 0
3, 0
3, 0
3, 0
3, 0
3, 0
3, 0
3, 0
3, 0
3, 0
3, 0
3, 0
3, 0
3, 0
3, 0
3, 0
1, 0x3b940
4, 0x39890, 0
4, 0x398d0, 1
4, 0x39910, 2
4, 0x39950, 3
4, 0x39990, 4
4, 0x399d0, 5
4, 0x39a10, 6
4, 0x39a50, 7
4, 0x3bb40, 0
4, 0x3bb80, 1
4, 0x3bbc0, 2
4, 0x3bc00, 3
4, 0x3bc40, 4
4, 0x3bc80, 5
4, 0x3bcc0, 6
4, 0x3bd00, 7
2, 2
3, 0
3, 0
3, 0
3, 0
3, 0
3, 0
3, 0
3, 0
3, 0
3, 0
3, 0
3, 0
3, 0
3, 0
3, 0
3, 0
1, 0x3bb40
4, 0x39a90, 0
4, 0x39ad0, 1
4, 0x39b10, 2
4, 0x39b50, 3
4, 0x39b90, 4
4, 0x39bd0, 5
4, 0x39c10, 6
4, 0x39c50, 7
4, 0x3bd40, 0
4, 0x3bd80, 1
4, 0x3bdc0, 2
4, 0x3be00, 3
4, 0x3be40, 4
4, 0x3be80, 5
4, 0x3bec0, 6
4, 0x3bf00, 7
2, 2
3, 0
3, 0
3, 0
3, 0
3, 0
3, 0
3, 0
3, 0
3, 0
3, 0
3, 0
3, 0
3, 0
3, 0
3, 0
3, 0
1, 0x3bd40
4, 0x39c90, 0
4, 0x39cd0, 1
4, 0x39d10, 2
4, 0x39d50, 3
4, 0x39d90, 4
4, 0x39dd0, 5
4, 0x39e10, 6
4, 0x39e50, 7
4, 0x3bf40, 0
4, 0x3bf80, 1
4, 0x3bfc0, 2
4, 0x3c000, 3
4, 0x3c040, 4
4, 0x3c080, 5
4, 0x3c0c0, 6
4, 0x3c100, 7
2, 2
3, 0
3, 0
3, 0
3, 0
3, 0
3, 0
3, 0
3, 0
3, 0
3, 0
3, 0
3, 0
3, 0
3, 0
3, 0
3, 0
1, 0x3bf40
4, 0x39e90, 0
4, 0x39ed0, 1
4, 0x39f10, 2
4, 0x39f50, 3
4, 0x39f90, 4
4, 0x39fd0, 5
4, 0x3a010, 6
4, 0x3a050, 7
4, 0x3c140, 0
4, 0x3c180, 1
4, 0x3c1c0, 2
4, 0x3c200, 3
4, 0x3c240, 4
4, 0x3c280, 5
4, 0x3c2c0, 6
4, 0x3c300, 7
2, 2
3, 0
3, 0
3, 0
3, 0
3, 0
3, 0
3, 0
3, 0
3, 0
3, 0
3, 0
3, 0
3, 0
3, 0
3, 0
3, 0
1, 0x3c140
4, 0x3a090, 0
4, 0x3a0d0, 1
4, 0x3a110, 2
4, 0x3a150, 3
4, 0x3a190, 4
4, 0x3a1d0, 5
4, 0x3a210, 6
4, 0x3a250, 7
4, 0x3c340, 0
4, 0x3c380, 1
4, 0x3c3c0, 2
4, 0x3c400, 3
4, 0x3c440, 4
4, 0x3c480, 5
4, 0x3c4c0, 6
4, 0x3c500, 7
2, 2
3, 0
3, 0
3, 0
3, 0
3, 0
3, 0
3, 0
3, 0
3, 0
3, 0
3, 0
3, 0
3, 0
3, 0
3, 0
3, 0
3, 0
3, 0
3, 0
3, 0
1, 0x3c340
4, 0x38290, 0
4, 0x382d0, 1
4, 0x38310, 2
4, 0x38350, 3
4, 0x38390, 4
4, 0x383d0, 5
4, 0x38410, 6
4, 0x38450, 7
4, 0x3a590, 0
4, 0x3a5d0, 1
4, 0x3a610, 2
4, 0x3a650, 3
4, 0x3a690, 4
4, 0x3a6d0, 5
4, 0x3a710, 6
4, 0x3a750, 7
2, 2
3, 0
3, 0
3, 0
3, 0
3, 0
3, 0
3, 0
3, 0
3, 0
3, 0
3, 0
3, 0
3, 0
3, 0
3, 0
3, 0
1, 0x3a590
4, 0x38490, 0
4, 0x384d0, 1
4, 0x38510, 2
4, 0x38550, 3
4, 0x38590, 4
4, 0x385d0, 5
4, 0x38610, 6
4, 0x38650, 7
4, 0x3a790, 0
4, 0x3a7d0, 1
4, 0x3a810, 2
4, 0x3a850, 3
4, 0x3a890, 4
4, 0x3a8d0, 5
4, 0x3a910, 6
4, 0x3a950, 7
2, 2
3, 0
3, 0
3, 0
3, 0
3, 0
3, 0
3, 0
3, 0
3, 0
3, 0
3, 0
3, 0
3, 0
3, 0
3, 0
3, 0
1, 0x3a790
4, 0x38690, 0
4, 0x386d0, 1
4, 0x38710, 2
4, 0x38750, 3
4, 0x38790, 4
4, 0x387d0, 5
4, 0x38810, 6
4, 0x38850, 7
4, 0x3a990, 0
4, 0x3a9d0, 1
4, 0x3aa10, 2
4, 0x3aa50, 3
4, 0x3aa90, 4
4, 0x3aad0, 5
4, 0x3ab10, 6
4, 0x3ab50, 7
2, 2
3, 0
3, 0
3, 0
3, 0
3, 0
3, 0
3, 0
3, 0
3, 0
3, 0
3, 0
3, 0
3, 0
3, 0
3, 0
3, 0
1, 0x3a990
4, 0x38890, 0
4, 0x388d0, 1
4, 0x38910, 2
4, 0x38950, 3
4, 0x38990, 4
4, 0x389d0, 5
4, 0x38a10, 6
4, 0x38a50, 7
4, 0x3ab90, 0
4, 0x3abd0, 1
4, 0x3ac10, 2
4, 0x3ac50, 3
4, 0x3ac90, 4
4, 0x3acd0, 5
4, 0x3ad10, 6
4, 0x3ad50, 7
2, 2
3, 0
3, 0
3, 0
3, 0
3, 0
3, 0
3, 0
3, 0
3, 0
3, 0
3, 0
3, 0
3, 0
3, 0
3, 0
3, 0
1, 0x3ab90
4, 0x38a90, 0
4, 0x38ad0, 1
4, 0x38b10, 2
4, 0x38b50, 3
4, 0x38b90, 4
4, 0x38bd0, 5
4, 0x38c10, 6
4, 0x38c50, 7
4, 0x3ad90, 0
4, 0x3add0, 1
4, 0x3ae10, 2
4, 0x3ae50, 3
4, 0x3ae90, 4
4, 0x3aed0, 5
4, 0x3af10, 6
4, 0x3af50, 7
2, 2
3, 0
3, 0
3, 0
3, 0
3, 0
3, 0
3, 0
3, 0
3, 0
3, 0
3, 0
3, 0
3, 0
3, 0
3, 0
3, 0
1, 0x3ad90
4, 0x38c90, 0
4, 0x38cd0, 1
4, 0x38d10, 2
4, 0x38d50, 3
4, 0x38d90, 4
4, 0x38dd0, 5
4, 0x38e10, 6
4, 0x38e50, 7
4, 0x3af90, 0
4, 0x3afd0, 1
4, 0x3b010, 2
4, 0x3b050, 3
4, 0x3b090, 4
4, 0x3b0d0, 5
4, 0x3b110, 6
4, 0x3b150, 7
2, 2
3, 0
3, 0
3, 0
3, 0
3, 0
3, 0
3, 0
3, 0
3, 0
3, 0
3, 0
3, 0
3, 0
3, 0
3, 0
3, 0
1, 0x3af90
4, 0x38e90, 0
4, 0x38ed0, 1
4, 0x38f10, 2
4, 0x38f50, 3
4, 0x38f90, 4
4, 0x38fd0, 5
4, 0x39010, 6
4, 0x39050, 7
4, 0x3b190, 0
4, 0x3b1d0, 1
4, 0x3b210, 2
4, 0x3b250, 3
4, 0x3b290, 4
4, 0x3b2d0, 5
4, 0x3b310, 6
4, 0x3b350, 7
2, 2
3, 0
3, 0
3, 0
3, 0
3, 0
3, 0
3, 0
3, 0
3, 0
3, 0
3, 0
3, 0
3, 0
3, 0
3, 0
3, 0
1, 0x3b190
4, 0x39090, 0
4, 0x390d0, 1
4, 0x39110, 2
4, 0x39150, 3
4, 0x39190, 4
4, 0x391d0, 5
4, 0x39210, 6
4, 0x39250, 7
4, 0x3b390, 0
4, 0x3b3d0, 1
4, 0x3b410, 2
4, 0x3b450, 3
4, 0x3b490, 4
4, 0x3b4d0, 5
4, 0x3b510, 6
4, 0x3b550, 7
2, 2
3, 0
3, 0
3, 0
3, 0
3, 0
3, 0
3, 0
3, 0
3, 0
3, 0
3, 0
3, 0
3, 0
3, 0
3, 0
3, 0
1, 0x3b390
4, 0x39290, 0
4, 0x392d0, 1
4, 0x39310, 2
4, 0x39350, 3
4, 0x39390, 4
4, 0x393d0, 5
4, 0x39410, 6
4, 0x39450, 7
4, 0x3b590, 0
4, 0x3b5d0, 1
4, 0x3b610, 2
4, 0x3b650, 3
4, 0x3b690, 4
4, 0x3b6d0, 5
4, 0x3b710, 6
4, 0x3b750, 7
2, 2
3, 0
3, 0
3, 0
3, 0
3, 0
3, 0
3, 0
3, 0
3, 0
3, 0
3, 0
3, 0
3, 0
3, 0
3, 0
3, 0
1, 0x3b590
4, 0x39490, 0
4, 0x394d0, 1
4, 0x39510, 2
4, 0x39550, 3
4, 0x39590, 4
4, 0x395d0, 5
4, 0x39610, 6
4, 0x39650, 7
4, 0x3b790, 0
4, 0x3b7d0, 1
4, 0x3b810, 2
4, 0x3b850, 3
4, 0x3b890, 4
4, 0x3b8d0, 5
4, 0x3b910, 6
4, 0x3b950, 7
2, 2
3, 0
3, 0
3, 0
3, 0
3, 0
3, 0
3, 0
3, 0
3, 0
3, 0
3, 0
3, 0
3, 0
3, 0
3, 0
3, 0
1, 0x3b790
4, 0x39690, 0
4, 0x396d0, 1
4, 0x39710, 2
4, 0x39750, 3
4, 0x39790, 4
4, 0x397d0, 5
4, 0x39810, 6
4, 0x39850, 7
4, 0x3b990, 0
4, 0x3b9d0, 1
4, 0x3ba10, 2
4, 0x3ba50, 3
4, 0x3ba90, 4
4, 0x3bad0, 5
4, 0x3bb10, 6
4, 0x3bb50, 7
2, 2
3, 0
3, 0
3, 0
3, 0
3, 0
3, 0
3, 0
3, 0
3, 0
3, 0
3, 0
3, 0
3, 0
3, 0
3, 0
3, 0
1, 0x3b990
4, 0x39890, 0
4, 0x398d0, 1
4, 0x39910, 2
4, 0x39950, 3
4, 0x39990, 4
4, 0x399d0, 5
4, 0x39a10, 6
4, 0x39a50, 7
4, 0x3bb90, 0
4, 0x3bbd0, 1
4, 0x3bc10, 2
4, 0x3bc50, 3
4, 0x3bc90, 4
4, 0x3bcd0, 5
4, 0x3bd10, 6
4, 0x3bd50, 7
2, 2
3, 0
3, 0
3, 0
3, 0
3, 0
3, 0
3, 0
3, 0
3, 0
3, 0
3, 0
3, 0
3, 0
3, 0
3, 0
3, 0
1, 0x3bb90
4, 0x39a90, 0
4, 0x39ad0, 1
4, 0x39b10, 2
4, 0x39b50, 3
4, 0x39b90, 4
4, 0x39bd0, 5
4, 0x39c10, 6
4, 0x39c50, 7
4, 0x3bd90, 0
4, 0x3bdd0, 1
4, 0x3be10, 2
4, 0x3be50, 3
4, 0x3be90, 4
4, 0x3bed0, 5
4, 0x3bf10, 6
4, 0x3bf50, 7
2, 2
3, 0
3, 0
3, 0
3, 0
3, 0
3, 0
3, 0
3, 0
3, 0
3, 0
3, 0
3, 0
3, 0
3, 0
3, 0
3, 0
1, 0x3bd90
4, 0x39c90, 0
4, 0x39cd0, 1
4, 0x39d10, 2
4, 0x39d50, 3
4, 0x39d90, 4
4, 0x39dd0, 5
4, 0x39e10, 6
4, 0x39e50, 7
4, 0x3bf90, 0
4, 0x3bfd0, 1
4, 0x3c010, 2
4, 0x3c050, 3
4, 0x3c090, 4
4, 0x3c0d0, 5
4, 0x3c110, 6
4, 0x3c150, 7
2, 2
3, 0
3, 0
3, 0
3, 0
3, 0
3, 0
3, 0
3, 0
3, 0
3, 0
3, 0
3, 0
3, 0
3, 0
3, 0
3, 0
1, 0x3bf90
4, 0x39e90, 0
4, 0x39ed0, 1
4, 0x39f10, 2
4, 0x39f50, 3
4, 0x39f90, 4
4, 0x39fd0, 5
4, 0x3a010, 6
4, 0x3a050, 7
4, 0x3c190, 0
4, 0x3c1d0, 1
4, 0x3c210, 2
4, 0x3c250, 3
4, 0x3c290, 4
4, 0x3c2d0, 5
4, 0x3c310, 6
4, 0x3c350, 7
2, 2
3, 0
3, 0
3, 0
3, 0
3, 0
3, 0
3, 0
3, 0
3, 0
3, 0
3, 0
3, 0
3, 0
3, 0
3, 0
3, 0
1, 0x3c190
