opcode, dest_node, payload
7, 1, 1000
7, 2, 6000
7, 3, 77666
7, 4, 62053
7, 5, 75232
7, 6, 1000
7, 7, 52499
7, 8, 75079
7, 9, 50332
7, 10, 7111
7, 703, 5000
7, 826, 4111
7, 1097, 7111
7, 1287, 7333
7, 1591, 15579
7, 1895, 1000
7, 1896, 5250
7, 1897, 1000
7, 1898, 3000
7, 1899, 2000
7, 144, 71443
7, 258, 2000
7, 491, 10880
7, 1021, 11333
7, 1418, 2111
7, 1669, 5000
7, 1900, 9750
7, 1901, 5643
7, 1902, 1000
7, 1903, 21250
7, 121, 55666
7, 127, 95998
7, 128, 50777
7, 179, 74610
7, 247, 60694
7, 249, 94443
7, 264, 86053
7, 353, 70666
7, 424, 86108
7, 426, 19111
7, 145, 83359
7, 176, 67554
7, 177, 72388
7, 753, 14583
7, 754, 53332
7, 762, 21583
7, 2064, 5111
7, 3002, 5111
7, 520, 7333
7, 665, 7333
7, 852, 14666
7, 1394, 2000
7, 1786, 7111
7, 1842, 20000
7, 1904, 5000
7, 1905, 1000
7, 1906, 2000
7, 1907, 1000
7, 124, 79138
7, 147, 68776
7, 246, 24138
7, 248, 58888
7, 250, 40121
7, 251, 84582
7, 252, 47762
7, 898, 11112
7, 1581, 4222
7, 1620, 9000
7, 2634, 14588
7, 2635, 5222
7, 2636, 4111
7, 2637, 3111
7, 2638, 2000
7, 2639, 3000
7, 2640, 2000
7, 38, 22333
7, 331, 3000
7, 626, 13000
7, 1945, 4111
7, 2690, 8111
7, 3137, 2000
7, 3138, 8000
7, 3139, 2357
7, 3140, 5666
7, 3141, 5055
7, 1860, 14222
7, 1118, 2000
7, 1227, 25111
7, 1334, 4000
7, 1556, 8000
7, 1980, 17579
7, 2333, 2000
7, 3672, 5111
7, 3677, 10444
7, 3678, 2000
7, 3679, 3000
7, 122, 81804
7, 125, 83443
7, 146, 62059
7, 367, 88442
7, 1573, 7611
7, 3023, 5222
7, 3216, 3222
7, 3413, 2111
7, 3414, 3111
7, 3415, 2222
7, 3416, 3111
7, 3417, 4222
7, 3418, 5222
7, 175, 58553
7, 427, 83971
7, 698, 10250
7, 1246, 23333
7, 2076, 2000
7, 17, 31110
7, 31, 28666
7, 123, 91471
7, 559, 68248
7, 2018, 53342
7, 776, 11212
7, 900, 3111
7, 1067, 16111
7, 1068, 7000
7, 1069, 2000
7, 1070, 4000
7, 1071, 2833
7, 1072, 2111
7, 1073, 1000
7, 1074, 1000
7, 351, 16472
7, 755, 4250
7, 983, 12472
7, 697, 32471
7, 1787, 18767
7, 2193, 6111
7, 2194, 8444
7, 2224, 2000
7, 2225, 2000
7, 2226, 4760
7, 2227, 4000
7, 2228, 3000
7, 368, 69553
7, 666, 33388
7, 856, 61665
7, 940, 9111
7, 960, 5111
7, 2409, 3111
7, 2410, 3111
7, 2411, 8916
7, 2412, 4111
7, 2413, 5222
7, 2414, 22121
7, 2415, 1111
7, 149, 81776
7, 265, 27150
7, 390, 70887
7, 667, 57110
7, 717, 47222
7, 1317, 82137
7, 2098, 10361
7, 369, 63443
7, 700, 5111
7, 946, 13222
7, 947, 6111
7, 2001, 36109
7, 2122, 1111
7, 143, 72887
7, 266, 94719
7, 1245, 65220
7, 129, 64721
7, 126, 75387
7, 148, 68221
7, 352, 90916
7, 938, 3111
7, 1990, 3000
7, 2748, 2000
7, 2749, 1000
7, 2750, 4000
7, 2751, 4000
7, 2752, 6111
7, 142, 3111
7, 628, 3666
7, 1342, 8334
7, 1383, 7400
7, 2494, 6000
7, 3577, 2111
7, 3578, 1000
7, 3579, 1000
7, 3580, 3111
7, 3581, 2000
7, 3582, 1000
7, 174, 63916
7, 2063, 3000
7, 326, 6250
7, 914, 2217
7, 915, 1000
7, 916, 4111
7, 917, 1000
7, 918, 8111
7, 919, 4250
7, 920, 1000
7, 921, 18111
7, 922, 5111
7, 51, 5000
7, 64, 5111
7, 114, 13111
7, 1349, 3111
7, 1389, 2000
7, 1644, 4111
7, 1726, 7222
7, 4180, 2000
7, 4181, 1000
7, 513, 8111
7, 586, 27805
7, 873, 4000
7, 1064, 9166
7, 1412, 10111
7, 2206, 1000
7, 2207, 9222
7, 2208, 1000
7, 2209, 3111
7, 2210, 1000
7, 62, 3111
7, 808, 4825
7, 1475, 4444
7, 2211, 2666
7, 2212, 2111
7, 2213, 3111
7, 2214, 8777
7, 2215, 6333
7, 2216, 3361
7, 12, 1000
7, 13, 6611
7, 14, 5000
7, 15, 7000
7, 16, 2000
7, 18, 4111
7, 19, 1000
7, 20, 7699
7, 21, 11500
7, 2074, 11000
7, 809, 12714
7, 718, 32777
7, 1050, 17222
7, 2254, 20222
7, 2761, 4111
7, 3147, 6111
7, 3169, 6222
7, 3619, 5111
7, 3893, 3111
7, 4408, 4111
7, 4953, 2111
7, 975, 1000
7, 1908, 1000
7, 1909, 4111
7, 1910, 2000
7, 92, 12810
7, 1702, 5111
7, 1711, 14000
7, 1833, 3111
7, 1916, 4222
7, 1917, 3111
7, 1918, 2000
7, 1919, 1000
7, 1920, 3111
7, 1921, 2000
7, 423, 56776
7, 133, 15583
7, 219, 19805
7, 778, 3714
7, 864, 6250
7, 2078, 3699
7, 2079, 3250
7, 2080, 2000
7, 2081, 3250
7, 2082, 2111
7, 2083, 2000
7, 695, 9222
7, 167, 4361
7, 243, 8583
7, 404, 3250
7, 942, 21722
7, 1885, 1250
7, 1886, 3361
7, 1887, 2250
7, 222, 10333
7, 1780, 6222
7, 2008, 4000
7, 2048, 3222
7, 2086, 19472
7, 3484, 2000
7, 3981, 23541
7, 4093, 4217
7, 4298, 2000
7, 4299, 1000
7, 240, 5500
7, 534, 15198
7, 4270, 6500
7, 4653, 3500
7, 732, 8111
7, 3349, 2111
7, 554, 22663
7, 180, 34999
7, 906, 14111
7, 976, 5472
7, 977, 6000
7, 978, 1000
7, 979, 12439
7, 980, 2000
7, 981, 3000
7, 982, 9111
7, 271, 4222
7, 549, 4222
7, 659, 6000
7, 711, 15555
7, 1180, 3111
7, 1583, 6829
7, 2288, 5526
7, 2833, 3111
7, 3682, 5111
7, 2015, 11916
7, 2016, 7111
7, 2707, 11000
7, 1601, 2000
7, 1845, 14222
7, 1985, 3454
7, 2181, 3111
7, 2619, 2000
7, 3052, 5111
7, 3056, 4000
7, 3683, 3000
7, 3684, 3361
7, 255, 16328
7, 1005, 3000
7, 1048, 8333
7, 1548, 4000
7, 1772, 13000
7, 1956, 38583
7, 2709, 4000
7, 3685, 1000
7, 3686, 1000
7, 3687, 4000
7, 23, 16694
7, 24, 2000
7, 25, 3000
7, 26, 1000
7, 27, 2000
7, 28, 2000
7, 29, 6000
7, 30, 4000
7, 32, 15000
7, 1022, 32299
7, 901, 4000
7, 1511, 23222
7, 1624, 3000
7, 1836, 3111
7, 1911, 2000
7, 1912, 6111
7, 1913, 6000
7, 1914, 2000
7, 1915, 6433
7, 846, 5333
7, 1516, 9777
7, 1517, 6333
7, 962, 21666
7, 1656, 7333
7, 2201, 8333
7, 637, 9361
7, 870, 15111
7, 1219, 8111
7, 1954, 5416
7, 2237, 15000
7, 2524, 10111
7, 2630, 5000
7, 3637, 3000
7, 3874, 2000
7, 957, 2111
7, 1028, 4222
7, 1199, 9579
7, 1459, 2111
7, 1699, 3111
7, 1700, 2111
7, 1701, 2111
7, 1703, 2111
7, 1023, 16111
7, 1024, 3000
7, 1025, 6000
7, 1026, 6212
7, 1027, 6000
7, 1029, 4000
7, 1030, 6111
7, 1031, 3000
7, 1032, 3000
7, 112, 7111
7, 298, 7111
7, 579, 3111
7, 627, 3111
7, 894, 14222
7, 2485, 3111
7, 2730, 2111
7, 3569, 3111
7, 3570, 5111
7, 152, 23666
7, 602, 4111
7, 847, 2000
7, 848, 5000
7, 849, 4455
7, 850, 11000
7, 851, 5222
7, 853, 3000
7, 854, 2250
7, 867, 3000
7, 1228, 8000
7, 1777, 2000
7, 1778, 1000
7, 1779, 2111
7, 1781, 1000
7, 1782, 2000
7, 1783, 1000
7, 1784, 2000
7, 2729, 8222
7, 5140, 7000
7, 1815, 1588
7, 1944, 3361
7, 2090, 9222
7, 2416, 3250
7, 2943, 5000
7, 2981, 6111
7, 3205, 15666
7, 3319, 5222
7, 3928, 2000
7, 696, 3000
7, 2077, 13333
7, 796, 4111
7, 869, 4000
7, 871, 3000
7, 872, 4000
7, 874, 3344
7, 875, 2428
7, 876, 2000
7, 877, 2111
7, 1402, 10539
7, 1454, 9539
7, 1458, 9111
7, 1728, 17333
7, 1866, 11222
7, 2658, 5566
7, 2719, 14322
7, 2789, 9222
7, 3220, 9094
7, 3357, 4111
7, 103, 8111
7, 289, 10222
7, 1252, 4000
7, 2551, 4111
7, 2764, 4111
7, 3114, 13111
7, 3926, 4000
7, 5653, 2000
7, 5840, 1000
7, 813, 21408
7, 815, 6714
7, 1798, 9222
7, 2733, 5000
7, 2940, 2000
7, 2941, 6208
7, 2942, 3000
7, 238, 41583
7, 910, 5222
7, 1179, 3222
7, 1275, 3000
7, 1491, 7111
7, 3310, 3250
7, 3311, 1000
7, 3312, 4111
7, 3241, 3111
7, 3463, 6861
7, 3464, 1111
7, 3465, 2111
7, 3466, 3222
7, 3467, 3222
7, 436, 3111
7, 451, 8444
7, 2165, 3111
7, 2324, 7472
7, 3455, 4111
7, 3456, 12222
7, 3457, 4111
7, 3458, 1111
7, 612, 18555
7, 1659, 2111
7, 1805, 6550
7, 1939, 4222
7, 2188, 5611
7, 3459, 3111
7, 3460, 9111
7, 3461, 2222
7, 3462, 4111
7, 78, 6333
7, 889, 8222
7, 1358, 4333
7, 2423, 4111
7, 2906, 6222
7, 3468, 4111
7, 3469, 2111
7, 3470, 2111
7, 3471, 4111
7, 34, 2000
7, 35, 2000
7, 36, 2208
7, 37, 1000
7, 39, 1294
7, 40, 1000
7, 41, 5000
7, 42, 2000
7, 43, 16000
7, 725, 11872
7, 1376, 10833
7, 2002, 6222
7, 2007, 5222
7, 2167, 3111
7, 2168, 1111
7, 2169, 3222
7, 2170, 4361
7, 614, 6944
7, 1378, 4111
7, 1922, 5000
7, 1923, 9694
7, 1924, 1000
7, 1925, 2000
7, 1926, 9222
7, 1927, 1000
7, 1928, 9222
7, 1929, 4699
7, 1604, 4222
7, 1679, 6000
7, 1930, 3000
7, 1931, 2208
7, 1932, 1000
7, 1933, 2000
7, 1934, 3000
7, 1935, 3361
7, 1936, 7472
7, 199, 9000
7, 203, 5333
7, 527, 13000
7, 3680, 4500
7, 3785, 1000
7, 3786, 5769
7, 3787, 1000
7, 3788, 3000
7, 3789, 12000
7, 1359, 4111
7, 1526, 3111
7, 3612, 3000
7, 3688, 1000
7, 3689, 1000
7, 3690, 1000
7, 3691, 1000
7, 3692, 1000
7, 60, 3000
7, 82, 4000
7, 835, 9222
7, 1749, 17611
7, 1969, 5000
7, 2317, 4000
7, 3693, 1000
7, 3694, 2000
7, 3695, 6111
7, 524, 7166
7, 2451, 7666
7, 2908, 2666
7, 3051, 2777
7, 3219, 4888
7, 3867, 2666
7, 2407, 3000
7, 3107, 2111
7, 3696, 1000
7, 3697, 2000
7, 3698, 5000
7, 3699, 8944
7, 190, 10611
7, 814, 9147
7, 923, 1217
7, 1655, 5000
7, 2900, 3111
7, 3703, 1000
7, 3704, 1000
7, 3705, 2000
7, 3706, 2000
7, 3707, 2111
7, 364, 13888
7, 685, 9222
7, 1313, 15150
7, 1829, 6150
7, 2644, 2111
7, 3018, 4111
7, 3713, 3111
7, 3714, 4111
7, 45, 4000
7, 46, 1000
7, 47, 3000
7, 48, 3111
7, 49, 7400
7, 50, 11000
7, 52, 1000
7, 53, 4400
7, 54, 3699
7, 101, 4111
7, 338, 7333
7, 2366, 5638
7, 2893, 2511
7, 3065, 2111
7, 3593, 4222
7, 3840, 3880
7, 3998, 1111
7, 3999, 2111
7, 422, 73466
7, 1332, 8539
7, 1730, 9250
7, 3213, 6111
7, 3625, 2000
7, 4704, 2000
7, 5039, 1000
7, 5040, 5000
7, 5041, 1000
7, 56, 14333
7, 57, 21041
7, 58, 5111
7, 59, 6333
7, 61, 1000
7, 63, 19949
7, 65, 4666
7, 1937, 2111
7, 1938, 1111
7, 1940, 14805
7, 1941, 2111
7, 1942, 5111
7, 1943, 3111
7, 907, 2111
7, 1992, 2000
7, 1993, 3000
7, 1994, 3000
7, 1995, 1000
7, 1996, 1000
7, 1997, 2000
7, 1998, 1000
7, 1999, 14500
7, 1194, 6222
7, 1196, 3222
7, 1198, 3222
7, 1959, 1111
7, 1960, 1111
7, 1961, 5361
7, 1962, 1111
7, 1963, 1111
7, 1364, 4111
7, 1950, 2111
7, 1977, 1111
7, 1978, 3111
7, 1979, 2111
7, 1981, 2111
7, 1982, 3111
7, 1983, 14611
7, 91, 2000
7, 102, 12208
7, 106, 9222
7, 1946, 6333
7, 1947, 15222
7, 1948, 3000
7, 1949, 4000
7, 1951, 1000
7, 1952, 4212
7, 86, 7111
7, 2003, 1000
7, 2004, 4000
7, 2005, 5111
7, 2006, 4000
7, 2009, 1000
7, 840, 18444
7, 749, 6588
7, 1362, 6777
7, 2785, 10111
7, 3136, 12000
7, 3599, 4000
7, 3708, 5333
7, 3709, 3000
7, 3710, 2000
7, 3711, 1000
7, 3712, 2000
7, 2255, 4638
7, 2272, 8222
7, 2853, 4111
7, 2932, 3944
7, 3027, 5222
7, 3718, 1111
7, 3719, 2111
7, 3720, 3111
7, 3721, 4111
7, 279, 6000
7, 646, 2250
7, 2545, 2000
7, 3256, 2111
7, 3515, 4000
7, 3715, 3000
7, 3716, 4000
7, 3717, 5111
7, 151, 3111
7, 178, 7000
7, 1144, 13000
7, 1653, 3000
7, 3722, 3000
7, 3723, 1000
7, 3724, 2000
7, 1292, 2000
7, 1397, 4111
7, 2099, 3000
7, 2778, 3000
7, 2804, 3000
7, 2805, 4555
7, 2806, 3000
7, 2807, 1000
7, 2808, 2000
7, 2614, 3000
7, 3764, 2000
7, 664, 15638
7, 788, 29249
7, 1195, 6527
7, 1371, 2527
7, 1688, 12777
7, 1762, 8416
7, 2377, 30416
7, 2384, 4870
7, 2490, 3416
7, 2597, 1416
7, 3429, 628
7, 3778, 2527
7, 3779, 7527
7, 3780, 2916
7, 3781, 8749
7, 3782, 1416
7, 3783, 416
7, 3784, 416
7, 3767, 16472
7, 909, 15111
7, 1297, 11111
7, 1535, 3000
7, 1571, 7000
7, 2265, 6000
7, 3193, 6333
7, 3765, 2000
7, 3766, 2000
7, 3770, 10000
7, 209, 3222
7, 924, 14333
7, 1606, 4000
7, 1608, 21222
7, 1867, 14111
7, 1868, 10328
7, 3336, 5000
7, 3769, 4000
7, 1158, 4000
7, 1382, 4111
7, 3059, 2111
7, 3060, 1000
7, 3061, 2000
7, 3062, 3111
7, 3063, 1000
7, 3064, 3222
7, 1528, 6000
7, 2089, 9111
7, 2462, 3111
7, 2652, 16111
7, 2931, 4041
7, 1724, 6722
7, 3758, 2000
7, 3759, 2000
7, 3760, 2000
7, 3761, 1000
7, 3762, 1000
7, 3763, 2000
7, 1968, 7000
7, 2026, 15000
7, 2027, 4111
7, 2028, 2000
7, 440, 7472
7, 984, 1250
7, 2486, 4250
7, 2600, 3250
7, 3058, 7583
7, 3070, 5250
7, 3725, 1250
7, 208, 4010
7, 2456, 3000
7, 3419, 1212
7, 3727, 3000
7, 3728, 3222
7, 3729, 1000
7, 3730, 2000
7, 3731, 2250
7, 3732, 3000
7, 1626, 2000
7, 3113, 12000
7, 442, 19333
7, 494, 7222
7, 1326, 5000
7, 3230, 4000
7, 3773, 1000
7, 3774, 1000
7, 3775, 3000
7, 3776, 1000
7, 3777, 3111
7, 67, 2000
7, 68, 2000
7, 69, 6000
7, 70, 1000
7, 71, 7000
7, 72, 1000
7, 73, 6000
7, 74, 1000
7, 75, 3208
7, 472, 8111
7, 1123, 9019
7, 2222, 11379
7, 3332, 2000
7, 3956, 6000
7, 346, 6111
7, 965, 4000
7, 1953, 1000
7, 1955, 9455
7, 1957, 4222
7, 1958, 3000
7, 1970, 1000
7, 1971, 2000
7, 1972, 3111
7, 1973, 11000
7, 1974, 8000
7, 1975, 4000
7, 1976, 3000
7, 262, 14111
7, 1142, 3000
7, 1337, 5666
7, 1964, 1000
7, 1965, 1000
7, 1966, 1000
7, 1967, 2000
7, 347, 7000
7, 1267, 7111
7, 1485, 2000
7, 1486, 6333
7, 1487, 8500
7, 1488, 1000
7, 1489, 3250
7, 1490, 3000
7, 1492, 17222
7, 3822, 10222
7, 5016, 5222
7, 5017, 13000
7, 343, 4111
7, 1018, 5111
7, 2301, 1000
7, 2302, 4111
7, 2303, 2000
7, 2304, 8333
7, 2305, 4000
7, 2306, 3000
7, 2307, 3000
7, 583, 8541
7, 1208, 6000
7, 1390, 4000
7, 2871, 5000
7, 2872, 2428
7, 2873, 3111
7, 2874, 3000
7, 2875, 15361
7, 2876, 2000
7, 172, 3000
7, 582, 7208
7, 1250, 5111
7, 1541, 11916
7, 2394, 8222
7, 2758, 6111
7, 3159, 2000
7, 3726, 3111
7, 2878, 2000
7, 3179, 4000
7, 3519, 3111
7, 3549, 2000
7, 3754, 1000
7, 3755, 2000
7, 3756, 4000
7, 3757, 1000
7, 769, 8000
7, 774, 4000
7, 1127, 3833
7, 1341, 3111
7, 2847, 7222
7, 3737, 3222
7, 3738, 2111
7, 3739, 1000
7, 3740, 4217
7, 3741, 2428
7, 170, 2000
7, 1615, 3217
7, 2279, 4000
7, 3563, 8222
7, 3749, 2000
7, 3750, 11000
7, 3751, 1000
7, 3752, 2000
7, 3753, 1000
7, 155, 3361
7, 2020, 4111
7, 2889, 4111
7, 3595, 6111
7, 3742, 1111
7, 3743, 5111
7, 694, 2000
7, 1590, 7111
7, 2368, 2000
7, 3050, 4611
7, 3530, 4000
7, 3744, 1000
7, 3745, 1000
7, 3746, 1000
7, 3747, 1000
7, 3748, 2000
7, 693, 12000
7, 911, 6222
7, 1221, 5111
7, 1725, 1000
7, 1727, 1000
7, 476, 8455
7, 955, 7111
7, 1054, 8222
7, 1773, 2111
7, 2625, 8444
7, 3733, 5222
7, 3734, 1111
7, 3735, 3111
7, 3736, 1111
7, 77, 14333
7, 79, 2000
7, 80, 2111
7, 81, 4250
7, 83, 6111
7, 84, 1000
7, 85, 3000
7, 1157, 16997
7, 1894, 14428
7, 2203, 2539
7, 2204, 4539
7, 2205, 2539
7, 2014, 10000
7, 1984, 2000
7, 1986, 1000
7, 1987, 2000
7, 1988, 3111
7, 1989, 5111
7, 1991, 1000
7, 2000, 1000
7, 1849, 5111
7, 3109, 14761
7, 4080, 6222
7, 5310, 3111
7, 5724, 2111
7, 6000, 1111
7, 6001, 2111
7, 3038, 5000
7, 3377, 3500
7, 3574, 5000
7, 3790, 1000
7, 3791, 2000
7, 3792, 1000
7, 3793, 1000
7, 969, 6611
7, 1570, 4500
7, 2976, 2500
7, 2977, 2500
7, 361, 3666
7, 2113, 5000
7, 2721, 5217
7, 3554, 3000
7, 1103, 17111
7, 227, 8222
7, 2292, 8333
7, 2528, 7111
7, 2914, 4111
7, 5541, 2000
7, 5584, 2000
7, 5795, 1000
7, 5796, 2111
7, 5797, 1000
7, 3768, 13222
7, 1792, 9111
7, 2354, 15361
7, 5177, 2000
7, 354, 3000
7, 355, 3111
7, 356, 6000
7, 357, 2000
7, 358, 1000
7, 359, 2000
7, 253, 6361
7, 261, 10000
7, 2071, 3111
7, 2281, 2000
7, 3771, 2000
7, 3772, 6666
7, 88, 1000
7, 89, 4111
7, 90, 1000
7, 93, 3000
7, 94, 4111
7, 95, 4000
7, 96, 12539
7, 97, 4000
7, 211, 5222
7, 1476, 10444
7, 1776, 6000
7, 2010, 5611
7, 2011, 4000
7, 2012, 1000
7, 2013, 5111
7, 621, 8222
7, 2161, 2000
7, 2162, 5000
7, 2163, 14000
7, 2164, 6000
7, 2166, 4000
7, 2042, 13000
7, 686, 5111
7, 3017, 12222
7, 3077, 4666
7, 3317, 1000
7, 3318, 3111
7, 3320, 1000
7, 3321, 1000
7, 3322, 2000
7, 1564, 5472
7, 2189, 5444
7, 2190, 3111
7, 2191, 3111
7, 2192, 1111
7, 2195, 2111
7, 2196, 5222
7, 99, 2000
7, 100, 3111
7, 104, 2000
7, 105, 3111
7, 107, 6000
7, 108, 8511
7, 2017, 23000
7, 2025, 10000
7, 363, 22666
7, 820, 7000
7, 1041, 2000
7, 1240, 13872
7, 2019, 1000
7, 2021, 2000
7, 2022, 1454
7, 2023, 6000
7, 2024, 5000
7, 324, 3250
7, 365, 5777
7, 2037, 3111
7, 2038, 6111
7, 2039, 5000
7, 2040, 3000
7, 2041, 2000
7, 2043, 1000
7, 2794, 4111
7, 3807, 2944
7, 3808, 10250
7, 3809, 1000
7, 3810, 2000
7, 3811, 1000
7, 2395, 3000
7, 2396, 2000
7, 2397, 7222
7, 2398, 4000
7, 2399, 6400
7, 2400, 3000
7, 2401, 1000
7, 2402, 1000
7, 119, 4428
7, 756, 7400
7, 759, 4000
7, 818, 5000
7, 819, 2000
7, 821, 3000
7, 822, 7111
7, 823, 20328
7, 824, 6000
7, 529, 9000
7, 789, 14000
7, 1042, 4111
7, 1043, 3111
7, 1044, 8472
7, 1045, 1000
7, 1046, 1000
7, 1047, 8133
7, 2344, 16000
7, 281, 8545
7, 2152, 3000
7, 2728, 2000
7, 3487, 7111
7, 3489, 14333
7, 3797, 5361
7, 3798, 3000
7, 1034, 9921
7, 1230, 3111
7, 3794, 5333
7, 3795, 3361
7, 3796, 3000
7, 568, 15000
7, 736, 11761
7, 886, 4111
7, 348, 3000
7, 1033, 1000
7, 4438, 4000
7, 5170, 1000
7, 5171, 2111
7, 5172, 1000
7, 5173, 1000
7, 5174, 1000
7, 5175, 3000
7, 191, 5000
7, 449, 2000
7, 2621, 6361
7, 3010, 2000
7, 3817, 1000
7, 3818, 3000
7, 3819, 4000
7, 3820, 2000
7, 3821, 2000
7, 110, 8361
7, 111, 5000
7, 113, 20222
7, 115, 7111
7, 116, 5131
7, 117, 9000
7, 118, 4000
7, 1361, 4333
7, 2029, 1000
7, 2030, 2000
7, 2031, 11000
7, 2032, 6250
7, 2033, 2000
7, 2034, 3000
7, 2035, 14217
7, 2036, 7000
7, 1419, 1000
7, 1561, 6000
7, 1670, 10111
7, 1846, 7000
7, 2065, 2000
7, 2066, 4111
7, 2067, 6000
7, 2068, 6000
7, 2069, 8212
7, 1160, 5111
7, 2044, 2111
7, 2045, 1111
7, 2046, 3222
7, 2047, 2111
7, 2049, 5111
7, 2050, 4111
7, 510, 9222
7, 1089, 7222
7, 2051, 7000
7, 2052, 2000
7, 2053, 4111
7, 2054, 3400
7, 2055, 5000
7, 2056, 2000
7, 706, 11222
7, 710, 11254
7, 1814, 6111
7, 3237, 2000
7, 3238, 2000
7, 3239, 1000
7, 3240, 1000
7, 740, 10111
7, 1085, 11111
7, 1131, 1833
7, 1271, 2111
7, 1420, 3000
7, 1421, 2000
7, 1422, 2000
7, 1423, 3222
7, 1424, 10844
7, 1425, 9000
7, 473, 5222
7, 1049, 5000
7, 1321, 7111
7, 1540, 6111
7, 2298, 6111
7, 2896, 2650
7, 3014, 5000
7, 3166, 4000
7, 3572, 3000
7, 802, 10222
7, 1115, 8444
7, 1574, 3111
7, 1788, 3111
7, 3700, 2111
7, 3701, 1111
7, 3702, 3111
7, 585, 16333
7, 1415, 6539
7, 1709, 4428
7, 2664, 4645
7, 3879, 2428
7, 1840, 12111
7, 3988, 5000
7, 3989, 4111
7, 3990, 1000
7, 1801, 4111
7, 1817, 6111
7, 2327, 4000
7, 2852, 2000
7, 3149, 33222
7, 3812, 1000
7, 3813, 23750
7, 1299, 4000
7, 2684, 3000
7, 2768, 4000
7, 2903, 2000
7, 3004, 3000
7, 3039, 6000
7, 3814, 1000
7, 3815, 3000
7, 3816, 1000
7, 136, 13111
7, 458, 8444
7, 1414, 4111
7, 1661, 3000
7, 1747, 3000
7, 3823, 4111
7, 3824, 1000
7, 3825, 1000
7, 1036, 17111
7, 1534, 4000
7, 2362, 4000
7, 3163, 2000
7, 3164, 2000
7, 3165, 3000
7, 3167, 1000
7, 3168, 1000
7, 727, 3539
7, 944, 9789
7, 2523, 4539
7, 558, 31131
7, 1040, 4111
7, 3675, 5333
7, 3826, 2000
7, 3827, 1000
7, 489, 2000
7, 3290, 3000
7, 3828, 1000
7, 3829, 3000
7, 3830, 1000
7, 3831, 1000
7, 3832, 1000
7, 3833, 3111
7, 629, 9588
7, 993, 2000
7, 578, 3000
7, 658, 4000
7, 1428, 2000
7, 1451, 9000
7, 2057, 2000
7, 2058, 4111
7, 2059, 14000
7, 2060, 6000
7, 2061, 3428
7, 2062, 3666
7, 132, 11000
7, 503, 19766
7, 2070, 1000
7, 2072, 1000
7, 2073, 1000
7, 2075, 3000
7, 3551, 11588
7, 285, 15111
7, 3337, 4611
7, 5048, 2111
7, 5338, 12111
7, 5940, 2222
7, 5941, 2111
7, 5942, 1111
7, 391, 8222
7, 392, 2000
7, 393, 2000
7, 394, 1000
7, 395, 1000
7, 396, 4111
7, 397, 3000
7, 398, 2000
7, 2403, 6444
7, 2404, 1000
7, 2405, 2111
7, 2406, 1000
7, 2408, 3000
7, 1631, 6222
7, 2179, 6000
7, 2724, 3250
7, 3334, 7333
7, 3335, 12376
7, 2595, 8222
7, 2966, 7222
7, 3834, 1000
7, 3835, 1000
7, 3836, 2111
7, 3837, 2493
7, 668, 3000
7, 1575, 12823
7, 1647, 6323
7, 2229, 5000
7, 2418, 3000
7, 3586, 4000
7, 3838, 1000
7, 3066, 3250
7, 3344, 5000
7, 3849, 12111
7, 4539, 3000
7, 5209, 11000
7, 5325, 2000
7, 5483, 2000
7, 1193, 4333
7, 1531, 7111
7, 2084, 2000
7, 2085, 3000
7, 2087, 3111
7, 2088, 2000
7, 198, 4000
7, 290, 9333
7, 837, 21801
7, 1333, 10111
7, 2517, 7000
7, 2744, 7000
7, 2745, 2000
7, 2746, 4319
7, 2747, 3000
7, 295, 14000
7, 1850, 5000
7, 2114, 9111
7, 3228, 3111
7, 3851, 2111
7, 3852, 4000
7, 3853, 1000
7, 3854, 2000
7, 2424, 3000
7, 2602, 3000
7, 2653, 5222
7, 3055, 3000
7, 3448, 5333
7, 3839, 1000
7, 3841, 4000
7, 131, 5000
7, 134, 4000
7, 135, 2111
7, 137, 2111
7, 138, 3111
7, 139, 2000
7, 140, 3000
7, 1466, 6111
7, 1831, 4111
7, 2092, 1000
7, 2093, 6111
7, 2094, 3000
7, 2095, 2000
7, 2096, 2000
7, 2097, 3000
7, 786, 4111
7, 1150, 4000
7, 1274, 3111
7, 2100, 1000
7, 2101, 1000
7, 2102, 2111
7, 2103, 2250
7, 470, 6222
7, 2480, 4111
7, 2984, 7444
7, 4463, 2222
7, 4944, 3111
7, 4945, 3111
7, 446, 2111
7, 842, 5444
7, 1096, 2111
7, 1598, 5222
7, 1752, 2222
7, 2091, 4111
7, 214, 2323
7, 1162, 4222
7, 3313, 1000
7, 3314, 4111
7, 3315, 1000
7, 3316, 2000
7, 3568, 11000
7, 3124, 5000
7, 3855, 3000
7, 3856, 5111
7, 3857, 1000
7, 3858, 4111
7, 484, 3000
7, 958, 4000
7, 1426, 4000
7, 1529, 4000
7, 2244, 4111
7, 3046, 5222
7, 3863, 4000
7, 2540, 3111
7, 2776, 7000
7, 3594, 7222
7, 3859, 2000
7, 3860, 6000
7, 3861, 3217
7, 3862, 11000
7, 323, 2000
7, 336, 4222
7, 1427, 3000
7, 1429, 2357
7, 1430, 6111
7, 1431, 4000
7, 1432, 1000
7, 254, 1000
7, 256, 7111
7, 257, 8465
7, 259, 1000
7, 260, 17111
7, 4711, 3428
7, 5518, 1428
7, 5519, 1428
7, 5520, 1428
7, 1257, 2000
7, 1532, 1000
7, 1533, 5111
7, 1536, 3000
7, 1537, 3111
7, 1538, 7000
7, 1539, 19472
7, 381, 7111
7, 1587, 13222
7, 2720, 5111
7, 2783, 2000
7, 3842, 1000
7, 3843, 2000
7, 3844, 1000
7, 3845, 1000
7, 2681, 2000
7, 3350, 6111
7, 3376, 7769
7, 3847, 1000
7, 3848, 2000
7, 3850, 2000
7, 267, 3000
7, 532, 11439
7, 2819, 2455
7, 3280, 3428
7, 3516, 8111
7, 3846, 4111
7, 1300, 6000
7, 2714, 1000
7, 2715, 1000
7, 2716, 3222
7, 2717, 2000
7, 2718, 2000
7, 1766, 13000
7, 2218, 9611
7, 2841, 4666
7, 3869, 1000
7, 3870, 1000
7, 3871, 2000
7, 3872, 1000
7, 3873, 1000
7, 5100, 3250
7, 5306, 1250
7, 5307, 1250
7, 777, 4111
7, 2269, 7250
7, 2862, 8000
7, 3658, 3294
7, 4578, 5000
7, 5581, 2000
7, 5582, 1000
7, 690, 10777
7, 2198, 4833
7, 2311, 4000
7, 3272, 2000
7, 3517, 1588
7, 3518, 1000
7, 681, 3000
7, 1212, 9111
7, 2326, 3000
7, 2385, 12111
7, 3864, 1000
7, 3865, 2111
7, 3866, 3000
7, 150, 2000
7, 459, 12555
7, 468, 4111
7, 1350, 2222
7, 2578, 1111
7, 2579, 18222
7, 2580, 1111
7, 2581, 3111
7, 311, 6319
7, 712, 8222
7, 1197, 4111
7, 2219, 4500
7, 2243, 1000
7, 1061, 11083
7, 1675, 3428
7, 2723, 6250
7, 3617, 9333
7, 4286, 4000
7, 4679, 3000
7, 4680, 1000
7, 4681, 1000
7, 5566, 11000
7, 795, 4000
7, 1338, 3000
7, 2348, 5222
7, 3453, 3000
7, 3801, 6000
7, 5642, 2000
7, 5675, 1000
7, 5676, 1000
7, 5677, 2000
7, 376, 14699
7, 858, 4212
7, 1169, 3000
7, 1509, 15705
7, 2111, 3000
7, 3249, 6111
7, 5978, 2111
7, 6073, 1000
7, 6074, 1000
7, 6075, 1000
7, 2182, 1000
7, 2183, 1000
7, 2184, 12000
7, 2185, 1000
7, 153, 2000
7, 154, 1000
7, 156, 7222
7, 157, 4222
7, 158, 20432
7, 159, 4468
7, 160, 1000
7, 161, 2000
7, 411, 4472
7, 2104, 1250
7, 2105, 2250
7, 2106, 2250
7, 2107, 1250
7, 2108, 2361
7, 2109, 1000
7, 2110, 1000
7, 2112, 4000
7, 2115, 5111
7, 1256, 3000
7, 2266, 4000
7, 2839, 4555
7, 3306, 5000
7, 5013, 1000
7, 5014, 2000
7, 5015, 1000
7, 463, 5111
7, 803, 9825
7, 2287, 6020
7, 2818, 3361
7, 3868, 4000
7, 1569, 1000
7, 1637, 5111
7, 1770, 5111
7, 1873, 4000
7, 2449, 6111
7, 2547, 12468
7, 751, 5650
7, 1506, 2000
7, 2474, 6000
7, 3365, 3000
7, 3886, 4000
7, 3887, 1000
7, 163, 9361
7, 164, 17000
7, 165, 8111
7, 166, 1000
7, 168, 2000
7, 169, 6222
7, 171, 3000
7, 531, 10111
7, 1165, 2454
7, 1865, 4000
7, 2123, 1000
7, 2124, 2111
7, 1264, 4111
7, 2116, 1000
7, 2117, 2000
7, 2118, 1000
7, 2119, 9222
7, 2120, 2000
7, 2121, 1000
7, 571, 3111
7, 572, 5222
7, 573, 3328
7, 574, 2111
7, 575, 12111
7, 576, 6579
7, 535, 3111
7, 1163, 3000
7, 2561, 4111
7, 2795, 4111
7, 3057, 2000
7, 313, 2000
7, 387, 6111
7, 2322, 16111
7, 2904, 3111
7, 3231, 2000
7, 3232, 5454
7, 3233, 4000
7, 3234, 1000
7, 1633, 1000
7, 2130, 3000
7, 3875, 1000
7, 3876, 1000
7, 3877, 3000
7, 3878, 1000
7, 2125, 7000
7, 2126, 3000
7, 2127, 12222
7, 2128, 1000
7, 2129, 4000
7, 1524, 9111
7, 2131, 11000
7, 2132, 1000
7, 2133, 1000
7, 2134, 2111
7, 816, 3714
7, 926, 7222
7, 1568, 6222
7, 1671, 5556
7, 4640, 3666
7, 4714, 2000
7, 5001, 3000
7, 5403, 2000
7, 5404, 1000
7, 5405, 3000
7, 455, 6111
7, 3894, 6111
7, 4688, 2000
7, 4689, 3000
7, 429, 3159
7, 4002, 4909
7, 4476, 1909
7, 4839, 2623
7, 4894, 6909
7, 4895, 4909
7, 4896, 909
7, 4897, 909
7, 4898, 909
7, 2338, 20222
7, 1651, 5111
7, 3352, 4500
7, 4553, 3250
7, 5068, 2111
7, 5085, 3000
7, 5572, 2000
7, 5868, 2000
7, 5884, 1000
7, 1441, 5111
7, 1589, 2000
7, 2598, 1000
7, 2599, 3000
7, 2601, 2000
7, 584, 15111
7, 1056, 31000
7, 2615, 4111
7, 2616, 1588
7, 2617, 3000
7, 2618, 1000
7, 2620, 1000
7, 1547, 5222
7, 2148, 6111
7, 2472, 4111
7, 3283, 5222
7, 4477, 2111
7, 4515, 1111
7, 4516, 3222
7, 2370, 3500
7, 3681, 7500
7, 433, 3000
7, 3185, 7888
7, 3880, 1000
7, 3881, 1000
7, 3882, 3500
7, 3410, 2000
7, 3883, 2250
7, 3884, 1000
7, 3885, 1000
7, 182, 5111
7, 183, 11111
7, 184, 5000
7, 185, 1000
7, 186, 1000
7, 187, 3354
7, 188, 2000
7, 189, 1000
7, 2365, 1000
7, 2367, 1000
7, 2369, 1000
7, 2371, 1000
7, 2372, 1000
7, 193, 5000
7, 194, 2000
7, 195, 3000
7, 196, 5000
7, 2388, 1666
7, 2389, 1666
7, 2390, 1666
7, 2391, 5888
7, 1020, 3880
7, 2135, 1000
7, 2136, 2000
7, 2137, 1000
7, 2138, 3000
7, 2139, 2000
7, 2140, 2111
7, 2141, 2111
7, 2142, 1000
7, 2143, 2000
7, 2144, 1000
7, 2145, 1000
7, 2146, 12000
7, 937, 7222
7, 1229, 4000
7, 2948, 8500
7, 4072, 4000
7, 4073, 1000
7, 4074, 4111
7, 478, 27111
7, 986, 3400
7, 1370, 4111
7, 4075, 6000
7, 4076, 2000
7, 4077, 3111
7, 4078, 2000
7, 4079, 1000
7, 3888, 10000
7, 5570, 1000
7, 5571, 1000
7, 443, 14111
7, 737, 1000
7, 738, 7000
7, 739, 2111
7, 741, 2000
7, 742, 1000
7, 743, 1000
7, 744, 5000
7, 745, 1000
7, 1084, 10222
7, 1870, 1000
7, 2295, 3000
7, 2576, 1000
7, 2577, 2000
7, 1545, 2000
7, 2646, 12936
7, 3889, 1000
7, 3890, 2000
7, 1407, 3000
7, 3900, 3000
7, 3901, 1000
7, 3902, 1000
7, 3903, 5454
7, 3904, 3250
7, 3905, 2000
7, 200, 17333
7, 201, 2000
7, 202, 9011
7, 204, 3111
7, 205, 2000
7, 206, 3000
7, 207, 1000
7, 412, 12611
7, 604, 10111
7, 2147, 2000
7, 2149, 5322
7, 2150, 2111
7, 2151, 5000
7, 714, 7111
7, 2153, 2000
7, 2154, 3000
7, 2155, 3000
7, 2156, 2111
7, 2157, 3666
7, 2158, 11000
7, 2159, 2000
7, 2160, 2000
7, 5973, 5000
7, 5974, 6000
7, 2253, 3000
7, 2532, 6111
7, 3029, 15500
7, 3215, 5333
7, 3485, 6222
7, 4254, 4000
7, 5484, 2000
7, 5501, 3250
7, 5502, 1000
7, 792, 2000
7, 859, 3111
7, 3373, 1000
7, 3374, 2000
7, 3375, 2000
7, 3134, 5000
7, 3196, 4361
7, 3891, 3111
7, 3892, 1000
7, 3895, 4500
7, 3804, 6000
7, 3908, 4000
7, 3909, 1000
7, 3910, 1000
7, 3911, 1000
7, 3912, 3000
7, 3913, 3000
7, 1016, 4000
7, 2309, 6222
7, 3300, 3111
7, 3431, 1212
7, 5343, 3361
7, 5468, 3222
7, 5958, 2000
7, 5959, 1000
7, 5960, 2000
7, 3433, 2212
7, 3896, 2000
7, 3897, 2111
7, 3898, 1000
7, 3899, 1000
7, 210, 1111
7, 212, 3222
7, 213, 3111
7, 215, 8833
7, 216, 2111
7, 217, 1111
7, 2429, 5916
7, 2430, 13583
7, 2431, 2250
7, 2432, 3250
7, 892, 20111
7, 1372, 2111
7, 2475, 6111
7, 2476, 5222
7, 2477, 6111
7, 2478, 1000
7, 2479, 5111
7, 453, 8111
7, 2648, 6000
7, 2669, 3111
7, 3906, 4111
7, 220, 2222
7, 221, 4111
7, 223, 3111
7, 224, 6102
7, 225, 1111
7, 226, 2111
7, 893, 5000
7, 1343, 2000
7, 1861, 6222
7, 2177, 5000
7, 2178, 1000
7, 2180, 1000
7, 314, 4000
7, 1114, 2111
7, 2171, 1000
7, 2172, 1000
7, 2173, 2111
7, 2174, 1000
7, 2175, 3000
7, 2176, 5000
7, 1168, 8111
7, 1504, 6000
7, 1764, 5111
7, 1765, 5000
7, 2585, 3323
7, 3195, 2111
7, 3197, 2111
7, 3198, 1000
7, 863, 3000
7, 1094, 4000
7, 1555, 2000
7, 2722, 4000
7, 2743, 2000
7, 2996, 4111
7, 3506, 1000
7, 3507, 1000
7, 3508, 1000
7, 3509, 14000
7, 3907, 11111
7, 828, 12333
7, 1291, 4833
7, 2533, 2000
7, 2555, 3217
7, 3020, 3000
7, 2569, 14000
7, 229, 7111
7, 230, 5222
7, 231, 5111
7, 232, 1111
7, 233, 1111
7, 234, 2111
7, 235, 5333
7, 2217, 3000
7, 2220, 6111
7, 2221, 5880
7, 2223, 13000
7, 1235, 7222
7, 2248, 7069
7, 2673, 3539
7, 3589, 2111
7, 3929, 2222
7, 883, 6328
7, 1175, 4222
7, 1269, 2111
7, 3930, 4111
7, 237, 1000
7, 239, 1000
7, 241, 15000
7, 242, 1000
7, 244, 4111
7, 245, 1000
7, 2186, 6500
7, 2187, 3500
7, 1284, 2000
7, 2197, 4000
7, 2199, 4000
7, 2200, 8500
7, 2202, 4250
7, 291, 2000
7, 307, 6111
7, 2546, 5222
7, 2554, 5500
7, 2697, 8555
7, 3204, 7111
7, 3923, 2000
7, 3924, 2000
7, 3925, 4000
7, 3927, 3000
7, 3914, 1000
7, 3915, 1000
7, 1087, 18545
7, 3916, 5111
7, 3917, 3111
7, 3918, 3361
7, 322, 4212
7, 3919, 3000
7, 3920, 1000
7, 3921, 3357
7, 3922, 2000
7, 2493, 7111
7, 2972, 2000
7, 2973, 7991
7, 2974, 6111
7, 2975, 13000
7, 1004, 2000
7, 2277, 1000
7, 2278, 5212
7, 2280, 1000
7, 2282, 1000
7, 2283, 1000
7, 2284, 1000
7, 1213, 5328
7, 1708, 2328
7, 2624, 2222
7, 2820, 4111
7, 2809, 1111
7, 2810, 1111
7, 2811, 1111
7, 2812, 1111
7, 2813, 1111
7, 2814, 1111
7, 2815, 1111
7, 2816, 1111
7, 2817, 1111
7, 1391, 1000
7, 1392, 3000
7, 1393, 1000
7, 1395, 1000
7, 1396, 5000
7, 2880, 4111
7, 3162, 3000
7, 3394, 1000
7, 3395, 3000
7, 1272, 4699
7, 1273, 7111
7, 5126, 1000
7, 5127, 1000
7, 5128, 4111
7, 1336, 3000
7, 2392, 5500
7, 2433, 6000
7, 2756, 2000
7, 2757, 1000
7, 2759, 1000
7, 2760, 1000
7, 1137, 9166
7, 1233, 10222
7, 1301, 3250
7, 1302, 1000
7, 1303, 3222
7, 1304, 1000
7, 1305, 5111
7, 1306, 4000
7, 2657, 4000
7, 3003, 12111
7, 3005, 1000
7, 3006, 4323
7, 3007, 5000
7, 3008, 1000
7, 866, 6222
7, 1345, 4111
7, 1346, 1111
7, 1347, 8666
7, 1348, 2111
7, 1351, 3111
7, 339, 3111
7, 3150, 1000
7, 3151, 1000
7, 3152, 1000
7, 268, 6111
7, 269, 2000
7, 414, 3000
7, 2230, 4539
7, 2231, 3250
7, 2232, 11000
7, 2233, 1000
7, 2234, 7250
7, 1129, 8055
7, 3235, 3000
7, 3931, 4222
7, 3932, 2000
7, 282, 8444
7, 1143, 10333
7, 2867, 3111
7, 3933, 3000
7, 1173, 5985
7, 1374, 6333
7, 2358, 9111
7, 2552, 10472
7, 3354, 2000
7, 3934, 3000
7, 3935, 3111
7, 3936, 1000
7, 3937, 3111
7, 970, 5472
7, 2802, 3111
7, 3938, 1000
7, 3939, 1000
7, 3940, 1000
7, 3941, 1000
7, 3942, 2000
7, 272, 4472
7, 273, 1111
7, 274, 8472
7, 275, 4222
7, 276, 5333
7, 277, 1111
7, 278, 1111
7, 600, 3361
7, 1800, 18250
7, 2247, 2250
7, 2249, 5615
7, 485, 5000
7, 2353, 7250
7, 3671, 3000
7, 4067, 3250
7, 5114, 1000
7, 5115, 4111
7, 5116, 4000
7, 5117, 1000
7, 280, 5111
7, 283, 2000
7, 284, 1000
7, 286, 2000
7, 287, 1000
7, 288, 3357
7, 318, 4111
7, 552, 18222
7, 790, 2000
7, 967, 4111
7, 1202, 2000
7, 1259, 3000
7, 2235, 5000
7, 632, 4000
7, 779, 4588
7, 838, 5111
7, 1891, 4000
7, 1892, 5111
7, 2236, 16111
7, 1789, 3217
7, 2238, 2000
7, 2239, 1000
7, 2240, 2000
7, 2241, 4000
7, 2242, 1000
7, 2245, 1111
7, 2246, 3222
7, 669, 3111
7, 2855, 1000
7, 2856, 1000
7, 2857, 4111
7, 2858, 3000
7, 2859, 5000
7, 2860, 4222
7, 2861, 2000
7, 3105, 18607
7, 342, 7333
7, 1658, 4000
7, 2262, 2000
7, 2612, 12788
7, 2706, 3111
7, 3382, 1000
7, 3383, 1000
7, 538, 7111
7, 3670, 2250
7, 3946, 3000
7, 3947, 1000
7, 3948, 2000
7, 781, 2555
7, 908, 5777
7, 2422, 5809
7, 2428, 1555
7, 2837, 2324
7, 2838, 3055
7, 2840, 1555
7, 2842, 3805
7, 2843, 1666
7, 1354, 3000
7, 2650, 7111
7, 2995, 4000
7, 3943, 1000
7, 3944, 2000
7, 3945, 2000
7, 4092, 10000
7, 292, 5111
7, 293, 2000
7, 294, 4000
7, 296, 10222
7, 297, 4250
7, 299, 1000
7, 378, 3000
7, 1704, 2000
7, 2250, 1000
7, 2251, 2111
7, 2252, 2000
7, 490, 5991
7, 496, 4880
7, 1140, 3769
7, 2705, 4769
7, 2953, 4769
7, 3408, 1769
7, 218, 2111
7, 301, 3354
7, 302, 3111
7, 303, 6637
7, 304, 1000
7, 305, 2000
7, 306, 1000
7, 308, 7000
7, 309, 9111
7, 2519, 8250
7, 341, 6000
7, 764, 1000
7, 1093, 2000
7, 1095, 4000
7, 587, 7444
7, 1498, 2000
7, 2256, 1000
7, 2257, 4666
7, 2258, 1000
7, 2259, 12000
7, 2260, 2000
7, 2261, 3111
7, 2263, 1000
7, 2264, 3000
7, 370, 2000
7, 862, 7250
7, 2289, 2000
7, 2290, 1000
7, 2291, 6000
7, 765, 4000
7, 766, 1000
7, 767, 3000
7, 768, 1000
7, 770, 4000
7, 771, 3526
7, 772, 1000
7, 773, 1000
7, 382, 3222
7, 3949, 4222
7, 3950, 1111
7, 3596, 3000
7, 3597, 1000
7, 3598, 3000
7, 4501, 4111
7, 5909, 2000
7, 6108, 3500
7, 6181, 1000
7, 2687, 4000
7, 2881, 17861
7, 3951, 7000
7, 312, 3000
7, 315, 4000
7, 316, 1000
7, 317, 1000
7, 319, 1000
7, 320, 1000
7, 2267, 11000
7, 855, 15111
7, 1323, 4000
7, 1439, 5222
7, 1808, 6689
7, 4275, 5111
7, 4738, 2000
7, 4806, 3361
7, 6121, 1000
7, 6122, 1000
7, 325, 13222
7, 327, 6000
7, 328, 1000
7, 329, 3000
7, 330, 7111
7, 1507, 5222
7, 2268, 3000
7, 2270, 1000
7, 2271, 3111
7, 2273, 2000
7, 2274, 4111
7, 2275, 6222
7, 2276, 7111
7, 2500, 11333
7, 3952, 1000
7, 3953, 4000
7, 3954, 2000
7, 3955, 1000
7, 3957, 1000
7, 1760, 2000
7, 2905, 2217
7, 3968, 4222
7, 3969, 1000
7, 3970, 1000
7, 401, 2000
7, 1797, 12687
7, 3397, 3250
7, 3964, 2666
7, 3965, 1000
7, 3966, 2000
7, 3967, 2000
7, 344, 5000
7, 930, 4111
7, 1744, 3000
7, 2498, 3000
7, 3296, 3111
7, 3962, 5000
7, 3963, 7944
7, 4105, 10000
7, 989, 9111
7, 1435, 3000
7, 2726, 5000
7, 3958, 1000
7, 3959, 3111
7, 3960, 12000
7, 3961, 1000
7, 332, 1111
7, 333, 1111
7, 334, 4111
7, 335, 5222
7, 337, 6111
7, 843, 3222
7, 1888, 4111
7, 2285, 10222
7, 2286, 2111
7, 141, 6000
7, 1052, 4243
7, 2319, 4222
7, 3590, 8111
7, 4152, 1000
7, 4153, 2000
7, 4154, 1000
7, 1755, 2000
7, 345, 5111
7, 1251, 3250
7, 1826, 2000
7, 1889, 3000
7, 1890, 10208
7, 1893, 2000
7, 1019, 5111
7, 1176, 3222
7, 2848, 4111
7, 3977, 4000
7, 3979, 1000
7, 3980, 2111
7, 4845, 10000
7, 2645, 13000
7, 3016, 4111
7, 4197, 2000
7, 4472, 3000
7, 5092, 1000
7, 1859, 7222
7, 2387, 2000
7, 2894, 1400
7, 4202, 2000
7, 4628, 5000
7, 5093, 1000
7, 5094, 2000
7, 5095, 1000
7, 349, 1000
7, 350, 6222
7, 881, 15000
7, 1322, 4111
7, 1366, 3000
7, 2293, 4000
7, 2294, 2000
7, 1716, 3111
7, 2296, 2222
7, 2297, 1111
7, 2299, 2825
7, 2300, 4222
7, 432, 7250
7, 1734, 5000
7, 2328, 1000
7, 2329, 2111
7, 2330, 7361
7, 2331, 2111
7, 371, 2000
7, 372, 1000
7, 373, 2000
7, 374, 1000
7, 375, 1000
7, 377, 11000
7, 379, 2000
7, 380, 6000
7, 1806, 1000
7, 1807, 2000
7, 1809, 2111
7, 1810, 1000
7, 1811, 2000
7, 1812, 14462
7, 1813, 1000
7, 3971, 1000
7, 3972, 1000
7, 3973, 1000
7, 3974, 2000
7, 3975, 1000
7, 3976, 1000
7, 3978, 1000
7, 2593, 8111
7, 2594, 15111
7, 2771, 1000
7, 2772, 2111
7, 1327, 8333
7, 1152, 4777
7, 3214, 2111
7, 3217, 4222
7, 2497, 6000
7, 3329, 5111
7, 3982, 4000
7, 3983, 2000
7, 3984, 1000
7, 1365, 4000
7, 3985, 1000
7, 3986, 1000
7, 76, 7472
7, 1512, 7111
7, 2868, 15222
7, 3082, 3111
7, 3127, 4222
7, 3309, 2111
7, 4207, 3111
7, 4282, 3111
7, 4828, 5472
7, 4829, 1111
7, 4830, 1111
7, 857, 2000
7, 3987, 10000
7, 2898, 7222
7, 2907, 11000
7, 2911, 8250
7, 3991, 4000
7, 3992, 9361
7, 3993, 4777
7, 3994, 3000
7, 388, 3111
7, 1456, 10583
7, 1457, 12287
7, 1677, 4111
7, 3995, 10333
7, 3996, 2111
7, 3997, 2111
7, 2870, 3111
7, 3566, 7444
7, 5176, 1111
7, 4027, 1111
7, 4028, 2111
7, 4029, 1111
7, 5437, 11000
7, 968, 6111
7, 2308, 3000
7, 2310, 3000
7, 2312, 4000
7, 2313, 4000
7, 2314, 4000
7, 2321, 2000
7, 2323, 1000
7, 2325, 4000
7, 633, 8111
7, 2332, 4000
7, 2334, 5222
7, 2335, 2000
7, 2336, 3250
7, 2337, 12444
7, 971, 1111
7, 972, 1111
7, 973, 2111
7, 974, 1111
7, 2667, 2000
7, 4004, 5111
7, 4005, 3000
7, 4006, 4111
7, 4007, 2588
7, 750, 5611
7, 2950, 2000
7, 3097, 5000
7, 4172, 5526
7, 4373, 6000
7, 5162, 2000
7, 5163, 1000
7, 5164, 1000
7, 5165, 1000
7, 1353, 4000
7, 2892, 3511
7, 4318, 1000
7, 4319, 3250
7, 1385, 4222
7, 2790, 4222
7, 3079, 3333
7, 3080, 6111
7, 4014, 4000
7, 4015, 1000
7, 4016, 2000
7, 4017, 4000
7, 4018, 3111
7, 4019, 2000
7, 4020, 3000
7, 566, 6611
7, 810, 8147
7, 3257, 4111
7, 3475, 3111
7, 3538, 2000
7, 3144, 5833
7, 4021, 1111
7, 4022, 4722
7, 4023, 1111
7, 4024, 2111
7, 4025, 1111
7, 4026, 2222
7, 3343, 14208
7, 4130, 6000
7, 2515, 2111
7, 2965, 4333
7, 4031, 6222
7, 4032, 2111
7, 4033, 2111
7, 1706, 5323
7, 3096, 8111
7, 4030, 1000
7, 2538, 17000
7, 2799, 3111
7, 4041, 2000
7, 450, 2111
7, 452, 8222
7, 1239, 6166
7, 1741, 8333
7, 2381, 3111
7, 2923, 5111
7, 3102, 3111
7, 362, 1666
7, 2315, 1000
7, 2316, 1000
7, 2318, 1000
7, 2320, 2000
7, 2373, 14111
7, 1231, 2111
7, 1232, 2111
7, 1234, 2111
7, 1236, 1111
7, 1447, 9000
7, 2886, 6111
7, 3547, 3000
7, 4000, 1000
7, 4001, 2000
7, 4003, 2000
7, 4008, 1000
7, 4009, 5000
7, 4010, 2000
7, 4011, 1000
7, 4012, 5000
7, 4013, 2000
7, 5056, 4777
7, 5645, 3000
7, 791, 2000
7, 2651, 2000
7, 2693, 5328
7, 2944, 2111
7, 2945, 1000
7, 2946, 1000
7, 2947, 1000
7, 2949, 3111
7, 4540, 14250
7, 263, 5000
7, 1854, 4250
7, 1881, 7828
7, 3089, 2000
7, 3090, 1000
7, 3091, 2000
7, 3092, 2111
7, 3093, 5333
7, 3094, 2111
7, 228, 10000
7, 2678, 2000
7, 3095, 3000
7, 383, 1208
7, 384, 1000
7, 385, 8611
7, 386, 3111
7, 389, 4000
7, 996, 5111
7, 2345, 7111
7, 2346, 1000
7, 2347, 6333
7, 2349, 3000
7, 2350, 4111
7, 2351, 1000
7, 2352, 1000
7, 2339, 1000
7, 2340, 1000
7, 2341, 4111
7, 2342, 1000
7, 2343, 2454
7, 609, 7111
7, 1077, 4222
7, 2360, 10222
7, 2361, 6000
7, 2363, 1000
7, 2364, 3000
7, 825, 3361
7, 1733, 3250
7, 2355, 2250
7, 2356, 5250
7, 882, 3000
7, 951, 3000
7, 2357, 2000
7, 2359, 8500
7, 997, 17333
7, 998, 14333
7, 3034, 2000
7, 3184, 2000
7, 4042, 2111
7, 4043, 2000
7, 4044, 2000
7, 540, 3111
7, 4034, 1111
7, 1248, 4361
7, 1335, 7222
7, 2792, 5111
7, 3172, 3111
7, 4035, 3333
7, 2699, 3111
7, 4039, 3000
7, 4040, 2111
7, 3301, 24222
7, 3565, 3000
7, 925, 4111
7, 1062, 2000
7, 3550, 4000
7, 3626, 2000
7, 4053, 1000
7, 4054, 1000
7, 4055, 1000
7, 4056, 2250
7, 2662, 5250
7, 3384, 4000
7, 4088, 2000
7, 684, 3000
7, 2666, 6000
7, 4045, 1000
7, 4046, 1000
7, 4047, 1000
7, 4048, 1000
7, 4049, 1000
7, 4050, 2500
7, 4051, 4088
7, 4052, 4500
7, 827, 1000
7, 829, 2212
7, 830, 3000
7, 831, 3111
7, 832, 3111
7, 833, 5000
7, 834, 4222
7, 407, 3000
7, 3491, 13000
7, 3492, 1000
7, 3493, 1000
7, 3494, 1000
7, 3495, 3000
7, 3496, 2111
7, 1522, 5472
7, 4036, 4111
7, 4037, 4361
7, 4038, 2111
7, 1628, 3000
7, 2603, 1000
7, 2604, 1000
7, 2605, 1000
7, 2606, 1400
7, 2607, 1000
7, 2608, 1000
7, 2609, 1000
7, 2610, 1000
7, 2774, 10000
7, 782, 2000
7, 2964, 7323
7, 3211, 4111
7, 3227, 4111
7, 3229, 3000
7, 1001, 17111
7, 1203, 8111
7, 3000, 2000
7, 3104, 4111
7, 3536, 1000
7, 3537, 2000
7, 3539, 4000
7, 3540, 1000
7, 2443, 8722
7, 4281, 7611
7, 4844, 9361
7, 6168, 2361
7, 6232, 1250
7, 2382, 1000
7, 2383, 18539
7, 2386, 1588
7, 2374, 2000
7, 2375, 3400
7, 2376, 4250
7, 2378, 4000
7, 2379, 2111
7, 2380, 3000
7, 1243, 3111
7, 1515, 2000
7, 4066, 2111
7, 4068, 4000
7, 2420, 5222
7, 2563, 15333
7, 4069, 1111
7, 4070, 1111
7, 4071, 2111
7, 2865, 1000
7, 2866, 3000
7, 2869, 8000
7, 3112, 4000
7, 4057, 1000
7, 4058, 4000
7, 4059, 3000
7, 4060, 2000
7, 4061, 3000
7, 4062, 3000
7, 522, 10650
7, 1738, 4111
7, 4065, 4444
7, 500, 3000
7, 561, 3000
7, 2798, 5000
7, 4063, 12111
7, 4064, 1000
7, 400, 4000
7, 402, 1212
7, 403, 1000
7, 405, 2000
7, 406, 5111
7, 408, 1000
7, 409, 3000
7, 1217, 16954
7, 2672, 4000
7, 3081, 5111
7, 3083, 6111
7, 804, 11748
7, 1339, 9111
7, 3346, 3000
7, 4081, 2588
7, 413, 4000
7, 415, 3000
7, 416, 6000
7, 417, 1000
7, 418, 14000
7, 419, 3000
7, 420, 3000
7, 2393, 10000
7, 676, 3111
7, 799, 3111
7, 640, 2111
7, 1002, 3000
7, 1477, 2319
7, 2434, 1000
7, 2435, 1000
7, 2436, 1000
7, 2437, 1000
7, 2438, 1000
7, 763, 5250
7, 2467, 1250
7, 2468, 2250
7, 2469, 1250
7, 2470, 2361
7, 2471, 2250
7, 1328, 2000
7, 3546, 1000
7, 3548, 1000
7, 2670, 7111
7, 2700, 2000
7, 2701, 1000
7, 2702, 1000
7, 2703, 1000
7, 2704, 2000
7, 2767, 4208
7, 4160, 4000
7, 551, 6111
7, 945, 5250
7, 2926, 1000
7, 2927, 5000
7, 2928, 4111
7, 2929, 1000
7, 2930, 2111
7, 798, 6111
7, 1408, 5000
7, 1440, 1000
7, 548, 5565
7, 679, 2000
7, 3323, 3361
7, 3347, 1000
7, 4120, 3111
7, 4082, 6222
7, 4083, 2222
7, 4084, 2111
7, 3019, 3000
7, 4087, 3000
7, 730, 4000
7, 3328, 5000
7, 4085, 1000
7, 4086, 1000
7, 4089, 1000
7, 4090, 1000
7, 4091, 2000
7, 1690, 2111
7, 2596, 2111
7, 430, 2000
7, 431, 1000
7, 434, 3111
7, 435, 6111
7, 437, 5000
7, 438, 3111
7, 2417, 2000
7, 2419, 3000
7, 2421, 2000
7, 487, 7111
7, 2425, 7000
7, 2426, 1000
7, 2427, 5111
7, 1565, 6111
7, 1824, 7111
7, 1090, 9333
7, 456, 4111
7, 2444, 3000
7, 2445, 4333
7, 2446, 1000
7, 747, 4000
7, 2897, 2400
7, 3271, 4000
7, 3273, 3000
7, 1763, 2000
7, 3071, 4000
7, 3439, 3714
7, 4094, 2000
7, 1691, 3361
7, 4098, 2000
7, 4099, 1000
7, 4100, 1000
7, 4101, 2111
7, 4095, 3222
7, 4096, 4222
7, 4097, 3000
7, 1373, 1111
7, 1375, 3810
7, 1377, 6222
7, 3110, 4810
7, 3111, 1111
7, 660, 13000
7, 4148, 2000
7, 4149, 1000
7, 4150, 4000
7, 4151, 3000
7, 1249, 4000
7, 4102, 2000
7, 4103, 5000
7, 4104, 2000
7, 441, 1000
7, 444, 1000
7, 445, 1000
7, 447, 1000
7, 448, 13000
7, 1607, 5000
7, 2492, 4111
7, 2784, 4111
7, 4781, 11000
7, 5476, 1000
7, 878, 4000
7, 2439, 1000
7, 2440, 11000
7, 3421, 2323
7, 963, 6111
7, 5478, 1000
7, 5479, 1000
7, 5480, 1000
7, 5481, 1000
7, 5482, 3000
7, 879, 1000
7, 880, 2000
7, 884, 5361
7, 885, 1000
7, 4957, 3500
7, 5304, 3500
7, 5305, 2500
7, 454, 2111
7, 457, 1111
7, 2441, 2000
7, 2442, 3000
7, 460, 3000
7, 461, 1000
7, 462, 7000
7, 464, 4250
7, 465, 2000
7, 466, 3000
7, 467, 2111
7, 2447, 3000
7, 2448, 11000
7, 2450, 4000
7, 3442, 2000
7, 4121, 1000
7, 4122, 2000
7, 4123, 2000
7, 471, 1000
7, 474, 5000
7, 475, 2111
7, 477, 10222
7, 2481, 5000
7, 2482, 1000
7, 2483, 1000
7, 2484, 1000
7, 2487, 3111
7, 1268, 1111
7, 1270, 1111
7, 581, 6000
7, 1685, 4111
7, 4231, 3000
7, 1088, 3000
7, 4339, 4361
7, 4414, 2666
7, 4502, 3000
7, 5182, 3000
7, 33, 2000
7, 2588, 3000
7, 2654, 3361
7, 4124, 4222
7, 4125, 2000
7, 4126, 2000
7, 691, 7111
7, 4127, 1000
7, 4128, 6111
7, 479, 2111
7, 480, 3000
7, 481, 2000
7, 482, 1000
7, 483, 4000
7, 486, 3111
7, 488, 1000
7, 2452, 3000
7, 2453, 5111
7, 2454, 1000
7, 2455, 1000
7, 2457, 1000
7, 2458, 1000
7, 2459, 1000
7, 2460, 1000
7, 2461, 3000
7, 507, 5333
7, 722, 2222
7, 726, 6222
7, 2463, 3222
7, 1352, 2000
7, 2495, 2000
7, 2496, 1000
7, 3156, 7111
7, 4106, 1000
7, 4107, 3250
7, 4108, 1000
7, 4109, 5611
7, 2530, 2000
7, 2531, 3000
7, 4110, 1000
7, 4111, 5111
7, 1081, 2111
7, 1549, 3000
7, 2791, 5250
7, 2796, 3000
7, 4112, 2000
7, 4113, 3000
7, 2491, 1111
7, 2713, 12250
7, 3654, 2008
7, 5137, 1000
7, 5138, 2000
7, 5139, 1000
7, 844, 2111
7, 1051, 2111
7, 1053, 1000
7, 1055, 2111
7, 933, 4111
7, 2592, 3000
7, 2797, 5000
7, 4114, 2000
7, 4115, 1208
7, 1329, 5000
7, 1330, 11583
7, 1355, 1000
7, 1433, 3000
7, 4129, 6111
7, 492, 4000
7, 493, 5666
7, 495, 5000
7, 497, 1000
7, 498, 7111
7, 2464, 1000
7, 2465, 6565
7, 2466, 1000
7, 1471, 3111
7, 2473, 1000
7, 652, 5000
7, 2982, 5472
7, 4116, 2000
7, 4117, 2111
7, 4118, 4428
7, 4119, 1000
7, 2959, 2500
7, 2960, 3500
7, 2961, 6722
7, 5449, 3222
7, 5450, 1111
7, 501, 1000
7, 502, 2000
7, 504, 2000
7, 505, 5000
7, 506, 2000
7, 509, 2000
7, 511, 1000
7, 512, 2000
7, 514, 6222
7, 515, 1000
7, 2488, 1000
7, 2489, 3000
7, 2661, 14250
7, 517, 1000
7, 518, 7333
7, 519, 1000
7, 521, 4000
7, 523, 3000
7, 525, 1000
7, 577, 2000
7, 580, 1000
7, 642, 3111
7, 1610, 2000
7, 2506, 2000
7, 2525, 1400
7, 2526, 1000
7, 2527, 2000
7, 1629, 4428
7, 1682, 2000
7, 2529, 2000
7, 2539, 4000
7, 2541, 4250
7, 2542, 1000
7, 715, 4000
7, 2535, 3000
7, 2536, 3000
7, 2537, 5111
7, 1171, 5880
7, 2671, 2769
7, 2935, 4602
7, 4248, 5991
7, 4455, 4769
7, 4876, 6019
7, 4979, 1769
7, 4980, 3769
7, 530, 1000
7, 533, 1000
7, 536, 2000
7, 1482, 4111
7, 2499, 7000
7, 2501, 1000
7, 2502, 4250
7, 2503, 2000
7, 2504, 2250
7, 1132, 10833
7, 721, 4111
7, 2521, 1000
7, 2522, 1000
7, 2520, 5000
7, 1827, 5000
7, 3171, 4000
7, 4846, 4000
7, 5235, 2111
7, 5236, 2111
7, 5237, 2111
7, 5238, 1000
7, 5239, 1000
7, 3129, 4000
7, 4143, 3000
7, 4144, 1000
7, 4145, 2250
7, 4146, 1000
7, 4147, 1000
7, 181, 2000
7, 707, 8000
7, 4136, 4111
7, 3555, 2000
7, 4131, 4333
7, 4132, 3344
7, 4133, 4111
7, 4134, 2000
7, 4135, 1000
7, 539, 1000
7, 541, 17111
7, 542, 2000
7, 543, 1000
7, 544, 2000
7, 545, 1000
7, 546, 1000
7, 547, 6250
7, 2534, 3333
7, 2505, 1000
7, 2507, 2428
7, 2508, 1000
7, 2509, 1000
7, 2510, 1000
7, 2511, 2000
7, 2512, 1000
7, 2513, 1000
7, 1790, 3000
7, 2514, 1000
7, 4137, 5000
7, 4141, 3111
7, 4142, 1000
7, 4138, 1000
7, 4139, 2111
7, 4140, 1000
7, 469, 7111
7, 550, 9777
7, 553, 4883
7, 555, 1111
7, 556, 1111
7, 1288, 19361
7, 1311, 5000
7, 2516, 14361
7, 2518, 1000
7, 3028, 3500
7, 3030, 2500
7, 3031, 2500
7, 1636, 6111
7, 3342, 1000
7, 3345, 3250
7, 2695, 2000
7, 2955, 4111
7, 4669, 1000
7, 4670, 4000
7, 5333, 2111
7, 5334, 1111
7, 5335, 1111
7, 757, 13000
7, 758, 3000
7, 760, 4472
7, 761, 1000
7, 2708, 6000
7, 2710, 2000
7, 2711, 1000
7, 2712, 2000
7, 928, 6111
7, 1223, 5111
7, 1224, 6000
7, 2734, 2000
7, 2735, 3000
7, 2736, 2000
7, 2737, 2000
7, 563, 7250
7, 1324, 1000
7, 1325, 4111
7, 562, 4000
7, 564, 2000
7, 565, 1000
7, 567, 3111
7, 569, 1000
7, 570, 4111
7, 2582, 4500
7, 2583, 8972
7, 2584, 2500
7, 805, 714
7, 806, 1714
7, 807, 714
7, 811, 2714
7, 812, 1714
7, 817, 3714
7, 1356, 1000
7, 4158, 6250
7, 4159, 13662
7, 1318, 3111
7, 1319, 1000
7, 1320, 1000
7, 2628, 5000
7, 2773, 14111
7, 4219, 2000
7, 4372, 1000
7, 4374, 1000
7, 4375, 4000
7, 4376, 1000
7, 720, 2111
7, 1719, 3000
7, 4251, 4000
7, 5210, 1000
7, 5211, 6000
7, 5212, 1000
7, 5213, 1000
7, 1697, 2111
7, 1828, 1111
7, 1830, 2222
7, 1832, 1111
7, 4206, 4000
7, 4402, 18111
7, 4569, 1000
7, 4570, 11000
7, 1258, 5111
7, 4170, 22566
7, 5881, 2111
7, 724, 2111
7, 4764, 2000
7, 5726, 1000
7, 5727, 1000
7, 5728, 1000
7, 5729, 7111
7, 1611, 2250
7, 1612, 1000
7, 1613, 1000
7, 1614, 3111
7, 11, 4111
7, 4263, 2000
7, 5159, 7000
7, 5600, 2000
7, 1220, 2111
7, 1618, 7500
7, 2626, 4000
7, 4155, 2111
7, 4156, 4111
7, 4157, 1000
7, 2800, 1000
7, 2801, 1000
7, 2803, 2000
7, 1276, 1000
7, 1277, 1000
7, 1278, 3000
7, 1279, 3111
7, 1280, 13000
7, 1281, 2000
7, 1282, 1000
7, 1283, 1000
7, 1285, 1000
7, 1585, 1000
7, 2766, 2000
7, 3531, 3000
7, 3532, 1000
7, 638, 2111
7, 2647, 1000
7, 2649, 3777
7, 1290, 2000
7, 1731, 7361
7, 3602, 2000
7, 3603, 1000
7, 3604, 1000
7, 589, 1000
7, 590, 1000
7, 591, 1000
7, 592, 1000
7, 593, 1000
7, 594, 1000
7, 595, 1000
7, 596, 1000
7, 597, 1000
7, 598, 1000
7, 601, 1000
7, 603, 2000
7, 605, 8111
7, 606, 3666
7, 87, 1000
7, 2556, 4000
7, 2557, 16000
7, 2962, 1111
7, 2963, 1111
7, 2967, 1111
7, 608, 1111
7, 610, 2111
7, 611, 1319
7, 613, 2111
7, 615, 1111
7, 616, 2111
7, 2558, 4000
7, 2559, 2000
7, 2560, 1000
7, 2562, 2000
7, 1500, 2000
7, 2543, 13250
7, 2544, 2000
7, 2548, 3323
7, 2549, 1111
7, 2550, 2111
7, 4171, 3000
7, 4182, 1000
7, 4183, 3000
7, 4184, 1000
7, 1255, 8000
7, 1557, 4000
7, 1609, 5000
7, 2663, 7472
7, 3032, 3361
7, 4163, 1111
7, 4164, 4888
7, 4165, 3111
7, 4161, 1000
7, 4162, 1000
7, 618, 1000
7, 619, 3000
7, 620, 2111
7, 622, 1000
7, 623, 3111
7, 624, 1000
7, 625, 1000
7, 2553, 3000
7, 1400, 4539
7, 4166, 14111
7, 4167, 1111
7, 4168, 1111
7, 4169, 2111
7, 630, 3000
7, 425, 2000
7, 4635, 2000
7, 4970, 3111
7, 1546, 2111
7, 3266, 5222
7, 3295, 2222
7, 3297, 1111
7, 634, 2208
7, 635, 3000
7, 2968, 13111
7, 5880, 2000
7, 6131, 1000
7, 6132, 1000
7, 6133, 1000
7, 746, 1000
7, 748, 6000
7, 3371, 3111
7, 670, 1000
7, 671, 2000
7, 672, 2000
7, 673, 2111
7, 674, 3111
7, 675, 2000
7, 677, 4111
7, 678, 3111
7, 2668, 2000
7, 1417, 3111
7, 2674, 1000
7, 2675, 1000
7, 2676, 2000
7, 2677, 4000
7, 639, 1111
7, 641, 1111
7, 643, 3222
7, 1367, 6111
7, 2753, 2111
7, 2754, 1000
7, 2755, 4322
7, 1003, 4111
7, 2762, 3361
7, 645, 12111
7, 2564, 3000
7, 648, 6000
7, 649, 6000
7, 650, 2111
7, 651, 7250
7, 653, 1000
7, 654, 2319
7, 655, 2000
7, 2572, 2111
7, 2573, 1000
7, 2574, 2000
7, 2575, 4111
7, 2568, 4111
7, 2570, 4000
7, 2571, 5222
7, 1411, 2344
7, 2565, 1000
7, 2566, 5000
7, 2567, 1000
7, 3192, 3000
7, 3194, 5111
7, 4173, 12000
7, 4174, 1000
7, 3209, 2222
7, 3210, 1111
7, 3212, 14722
7, 1289, 5111
7, 2641, 3000
7, 2740, 3000
7, 1413, 2111
7, 1416, 1111
7, 657, 2000
7, 661, 4000
7, 662, 1000
7, 663, 1000
7, 1086, 4111
7, 1705, 2000
7, 1714, 3000
7, 1871, 1000
7, 1872, 4319
7, 1874, 1000
7, 1875, 1000
7, 4175, 2000
7, 4176, 4250
7, 4177, 2111
7, 4178, 1000
7, 4179, 1000
7, 1775, 3000
7, 3405, 3000
7, 3616, 2000
7, 4222, 1000
7, 4223, 2000
7, 4224, 1000
7, 4201, 1000
7, 4203, 2000
7, 4204, 2000
7, 270, 3111
7, 680, 3000
7, 682, 2000
7, 683, 11000
7, 687, 1000
7, 688, 1000
7, 1841, 1000
7, 1843, 1000
7, 1844, 1000
7, 2586, 1111
7, 2631, 2000
7, 2632, 1000
7, 2633, 2000
7, 1309, 3000
7, 2587, 2428
7, 2589, 1000
7, 2590, 1000
7, 2591, 1000
7, 3307, 2000
7, 3573, 1000
7, 3575, 1000
7, 3576, 3222
7, 3585, 1000
7, 3587, 5000
7, 3588, 1000
7, 1164, 1000
7, 1166, 1000
7, 4185, 11000
7, 4186, 2500
7, 4187, 2111
7, 4188, 1111
7, 4189, 5333
7, 692, 3000
7, 1092, 2000
7, 4205, 2000
7, 4208, 1000
7, 4209, 2000
7, 699, 5000
7, 2611, 1000
7, 2613, 13000
7, 932, 3222
7, 4190, 1111
7, 4191, 2111
7, 4192, 2111
7, 4193, 3111
7, 1689, 7000
7, 4194, 2000
7, 4195, 1000
7, 4196, 2000
7, 4198, 1000
7, 3187, 2111
7, 3298, 2111
7, 3299, 6111
7, 3364, 3000
7, 3366, 1000
7, 3367, 3222
7, 3368, 1000
7, 3607, 2111
7, 3033, 5222
7, 4199, 3111
7, 4200, 2111
7, 1316, 6111
7, 1750, 4491
7, 2849, 2000
7, 2952, 2000
7, 2954, 1000
7, 1563, 4000
7, 3403, 5000
7, 3423, 2212
7, 4210, 3000
7, 4211, 1000
7, 3385, 7565
7, 3488, 8776
7, 4212, 454
7, 4213, 3565
7, 4214, 1454
7, 4215, 2565
7, 4216, 1454
7, 4217, 454
7, 4218, 454
7, 2787, 13583
7, 3053, 6111
7, 4220, 1000
7, 4221, 2000
7, 1803, 4083
7, 2643, 5573
7, 3558, 3250
7, 499, 1000
7, 702, 2111
7, 704, 3111
7, 705, 3000
7, 708, 2000
7, 2622, 3111
7, 2623, 1111
7, 1594, 2000
7, 1600, 6111
7, 1641, 1000
7, 2627, 3111
7, 2629, 3000
7, 3501, 5444
7, 4623, 5661
7, 4624, 3333
7, 1107, 2000
7, 1503, 5000
7, 2642, 2111
7, 3409, 5361
7, 4229, 1111
7, 1265, 2111
7, 1584, 1000
7, 1602, 4000
7, 4238, 1000
7, 4239, 2000
7, 4230, 2000
7, 4232, 1000
7, 4233, 1000
7, 1017, 5243
7, 3362, 10333
7, 4234, 2111
7, 4235, 2000
7, 3076, 4000
7, 3244, 3000
7, 4225, 2000
7, 4226, 1000
7, 1595, 11000
7, 1642, 2222
7, 1643, 1111
7, 1645, 4699
7, 1646, 1111
7, 4227, 11111
7, 4228, 1000
7, 4315, 5000
7, 713, 1000
7, 1544, 4250
7, 3608, 4472
7, 4236, 1250
7, 4237, 5472
7, 723, 1111
7, 1434, 4361
7, 3282, 3637
7, 3284, 1000
7, 3285, 2000
7, 3286, 1000
7, 3287, 1000
7, 891, 2000
7, 1436, 1000
7, 1437, 5222
7, 1438, 2000
7, 4426, 4111
7, 5289, 2111
7, 5417, 1111
7, 5418, 1111
7, 836, 1000
7, 2660, 2250
7, 4243, 1000
7, 4244, 1000
7, 4584, 4500
7, 4877, 5361
7, 4878, 2000
7, 2922, 4000
7, 3259, 3000
7, 3411, 3000
7, 4913, 1000
7, 4914, 3111
7, 4854, 17111
7, 729, 1000
7, 731, 26111
7, 733, 2000
7, 734, 1000
7, 735, 1000
7, 1156, 3000
7, 2655, 2000
7, 2656, 2000
7, 2685, 1000
7, 2686, 2000
7, 3118, 2000
7, 4240, 1000
7, 4241, 3000
7, 4242, 3000
7, 2659, 1250
7, 1380, 4111
7, 2665, 2000
7, 2679, 2111
7, 2680, 1000
7, 2682, 1000
7, 2683, 4222
7, 4245, 2250
7, 4246, 1250
7, 4250, 11000
7, 3292, 8699
7, 4247, 2000
7, 4249, 2000
7, 3236, 2111
7, 4868, 3000
7, 5154, 2000
7, 5806, 1000
7, 5807, 1000
7, 5808, 1000
7, 3115, 2208
7, 3116, 1000
7, 3117, 3000
7, 931, 2111
7, 943, 2000
7, 1122, 7588
7, 1177, 6222
7, 1558, 1000
7, 1559, 4111
7, 1560, 1000
7, 1209, 3000
7, 1442, 2000
7, 4278, 2000
7, 4279, 1000
7, 4280, 4000
7, 959, 2111
7, 3441, 3111
7, 4290, 1111
7, 3613, 2000
7, 4284, 1000
7, 4285, 3000
7, 2788, 3111
7, 2828, 3000
7, 3279, 2000
7, 4252, 1000
7, 4253, 1000
7, 4255, 1000
7, 4257, 3000
7, 3207, 5111
7, 3247, 5472
7, 4256, 2111
7, 1109, 2111
7, 2885, 7111
7, 3252, 3000
7, 1695, 3000
7, 528, 3000
7, 2688, 1000
7, 2689, 5000
7, 3308, 1000
7, 4287, 3000
7, 4288, 5000
7, 4289, 2000
7, 4272, 1250
7, 4273, 12250
7, 2698, 2588
7, 1863, 4222
7, 2691, 2000
7, 2692, 1000
7, 2694, 3000
7, 2696, 1000
7, 1717, 3000
7, 4271, 1000
7, 1493, 2111
7, 2823, 6000
7, 4258, 1000
7, 4259, 1000
7, 4260, 3000
7, 4261, 1000
7, 4262, 3000
7, 4264, 7000
7, 4265, 2000
7, 3363, 13111
7, 1878, 2000
7, 4266, 2000
7, 4267, 1000
7, 4268, 2111
7, 4269, 1000
7, 55, 2111
7, 1444, 12000
7, 3258, 2000
7, 3260, 4000
7, 3261, 1000
7, 3486, 3000
7, 841, 2111
7, 3526, 3111
7, 4389, 1000
7, 4390, 1000
7, 4391, 1000
7, 4392, 1000
7, 780, 2000
7, 783, 1000
7, 784, 2000
7, 785, 2000
7, 1310, 4000
7, 1592, 7111
7, 2891, 4400
7, 4274, 1000
7, 4276, 2000
7, 4277, 2428
7, 4283, 1000
7, 793, 2111
7, 794, 1000
7, 800, 4111
7, 801, 3000
7, 2725, 1000
7, 2727, 1000
7, 3676, 1111
7, 3615, 4000
7, 3618, 3000
7, 2738, 1000
7, 2739, 2000
7, 1151, 2000
7, 2731, 1000
7, 2732, 1000
7, 4695, 3000
7, 5224, 2588
7, 5628, 2000
7, 5629, 2217
7, 1735, 2000
7, 1862, 7361
7, 3009, 2000
7, 4293, 6000
7, 4294, 1000
7, 4295, 5111
7, 5189, 1588
7, 5428, 12344
7, 5429, 3000
7, 1542, 3111
7, 4490, 2111
7, 4741, 2111
7, 5720, 1111
7, 2779, 5111
7, 4646, 3222
7, 5775, 2111
7, 5192, 2000
7, 5311, 1000
7, 5312, 1000
7, 1718, 4000
7, 4291, 2111
7, 4292, 2111
7, 557, 2222
7, 1039, 6111
7, 3199, 1111
7, 3200, 3333
7, 3201, 1111
7, 3170, 2738
7, 3173, 3000
7, 3174, 3000
7, 887, 1000
7, 888, 1000
7, 890, 1000
7, 895, 3000
7, 839, 4333
7, 845, 3111
7, 939, 1000
7, 941, 3111
7, 1066, 4000
7, 4300, 1000
7, 4301, 4637
7, 4302, 2000
7, 1707, 1000
7, 3477, 2000
7, 3478, 3000
7, 3479, 4217
7, 3480, 12000
7, 3481, 17111
7, 3482, 1000
7, 3483, 1000
7, 860, 7428
7, 861, 1000
7, 865, 1000
7, 868, 2000
7, 1481, 16000
7, 2741, 1000
7, 2742, 1000
7, 162, 4000
7, 2763, 1000
7, 2765, 6000
7, 2769, 3222
7, 2770, 3111
7, 1145, 1000
7, 1146, 3000
7, 1147, 1000
7, 1148, 1000
7, 1149, 1000
7, 1153, 2000
7, 4296, 3111
7, 4297, 5000
7, 3175, 2000
7, 3176, 1000
7, 3177, 3000
7, 4303, 4319
7, 3180, 5000
7, 3218, 22000
7, 4405, 3611
7, 4406, 2500
7, 4304, 11111
7, 4305, 1111
7, 2775, 1000
7, 2777, 2000
7, 2951, 5000
7, 5452, 4000
7, 6039, 13000
7, 6279, 2000
7, 3497, 22000
7, 3242, 2000
7, 4433, 1000
7, 4434, 3000
7, 897, 2000
7, 899, 1000
7, 902, 3000
7, 903, 1000
7, 904, 4000
7, 905, 1000
7, 2780, 2588
7, 2781, 4111
7, 2782, 2000
7, 2793, 3250
7, 4306, 3111
7, 912, 1111
7, 913, 4222
7, 2786, 2000
7, 3288, 4328
7, 3289, 1000
7, 3276, 2000
7, 4311, 2000
7, 4312, 1000
7, 4313, 1000
7, 4314, 1000
7, 4316, 2588
7, 4317, 12000
7, 1134, 1000
7, 3304, 15000
7, 4307, 5111
7, 4308, 1000
7, 4309, 1000
7, 4310, 1000
7, 927, 1111
7, 2821, 3000
7, 2822, 3000
7, 1091, 1000
7, 4320, 1000
7, 2884, 4000
7, 3119, 6611
7, 4321, 2000
7, 4322, 2000
7, 4323, 1000
7, 4324, 5111
7, 934, 1111
7, 935, 2111
7, 936, 1111
7, 6087, 10000
7, 2846, 2000
7, 4409, 1000
7, 4410, 1000
7, 4411, 2000
7, 949, 2000
7, 950, 2000
7, 2829, 2000
7, 2830, 1000
7, 2831, 1000
7, 2832, 1000
7, 2834, 1000
7, 2835, 1000
7, 2824, 1000
7, 2825, 4000
7, 2826, 3000
7, 2827, 1000
7, 1721, 4111
7, 4334, 3000
7, 3221, 8539
7, 4326, 1000
7, 4327, 2000
7, 4328, 3000
7, 4329, 1000
7, 3351, 2217
7, 4330, 3111
7, 4331, 1000
7, 4332, 4000
7, 4333, 5550
7, 4336, 3111
7, 5277, 4000
7, 5516, 1000
7, 5517, 1000
7, 2992, 2111
7, 4325, 1111
7, 953, 2000
7, 954, 1000
7, 956, 1000
7, 2836, 11000
7, 4892, 3111
7, 4973, 2000
7, 4974, 1000
7, 1167, 2000
7, 1543, 1000
7, 3054, 11111
7, 4563, 4439
7, 5554, 3544
7, 5555, 1111
7, 4752, 3000
7, 5463, 4250
7, 5521, 2000
7, 560, 4000
7, 964, 1000
7, 966, 1000
7, 1124, 1000
7, 2851, 1000
7, 2854, 3000
7, 2844, 4000
7, 2845, 1000
7, 2850, 3000
7, 173, 3250
7, 4906, 1250
7, 4907, 1250
7, 1666, 4000
7, 3533, 2000
7, 3534, 2000
7, 3535, 2000
7, 360, 1833
7, 1125, 833
7, 1126, 833
7, 1128, 833
7, 1130, 1833
7, 1133, 1833
7, 2918, 5468
7, 4344, 2579
7, 4345, 1357
7, 4346, 357
7, 4347, 357
7, 4348, 1357
7, 4349, 357
7, 4350, 1357
7, 4351, 357
7, 4352, 1468
7, 4353, 1357
7, 4354, 1357
7, 4355, 2357
7, 4335, 1000
7, 1756, 2111
7, 4342, 1111
7, 4343, 1111
7, 3327, 6111
7, 4357, 1000
7, 4358, 1000
7, 4359, 1526
7, 4356, 2250
7, 2863, 2000
7, 2864, 3000
7, 4337, 3111
7, 4338, 2000
7, 4340, 1000
7, 2877, 1000
7, 2879, 1000
7, 2882, 1000
7, 2883, 1000
7, 4368, 7111
7, 4341, 1000
7, 1754, 4000
7, 4360, 2111
7, 4361, 2000
7, 4362, 4111
7, 4363, 3000
7, 4364, 3000
7, 3160, 1000
7, 3161, 1208
7, 1852, 2000
7, 1473, 1000
7, 4365, 5111
7, 4366, 2111
7, 4367, 1000
7, 985, 1000
7, 987, 1000
7, 988, 3111
7, 990, 2400
7, 991, 3511
7, 2887, 4111
7, 2888, 3000
7, 2890, 1400
7, 2895, 400
7, 1588, 2111
7, 4369, 2111
7, 4370, 1111
7, 4371, 9222
7, 4393, 2000
7, 4394, 1000
7, 4395, 4111
7, 4396, 1000
7, 4397, 4333
7, 4398, 1111
7, 4377, 2111
7, 4378, 2111
7, 4379, 1111
7, 4380, 3222
7, 995, 13111
7, 2902, 1428
7, 2899, 1000
7, 2901, 4111
7, 1736, 1000
7, 1737, 1000
7, 1739, 3000
7, 1740, 2111
7, 4381, 1000
7, 4382, 6361
7, 4383, 2000
7, 3142, 3111
7, 3544, 2000
7, 4384, 1000
7, 4385, 1000
7, 4386, 1000
7, 716, 2000
7, 1000, 2111
7, 1006, 2000
7, 1007, 4000
7, 1008, 1000
7, 1100, 5944
7, 2933, 5333
7, 2934, 833
7, 2936, 2833
7, 2909, 4111
7, 2910, 1000
7, 4412, 6916
7, 4413, 2666
7, 3302, 1000
7, 3303, 3000
7, 3305, 3000
7, 3146, 8111
7, 4387, 1000
7, 4388, 3111
7, 4399, 1000
7, 4400, 3000
7, 4401, 1000
7, 2916, 10111
7, 3188, 6000
7, 4403, 1000
7, 4404, 1000
7, 1010, 4000
7, 1011, 1000
7, 1012, 1000
7, 1013, 1000
7, 1014, 1000
7, 1015, 2000
7, 1191, 2000
7, 2920, 1000
7, 2921, 1000
7, 2924, 1000
7, 2925, 2000
7, 3044, 10000
7, 2912, 2111
7, 2913, 1111
7, 2915, 1111
7, 2917, 1111
7, 2919, 1111
7, 1076, 2111
7, 1079, 2111
7, 1331, 2000
7, 1340, 2000
7, 1344, 1000
7, 4407, 2000
7, 1401, 4539
7, 1822, 3111
7, 5777, 1000
7, 5778, 1000
7, 5779, 3222
7, 5780, 1000
7, 689, 3111
7, 3191, 2000
7, 5106, 2000
7, 5107, 1000
7, 5108, 1000
7, 2937, 1000
7, 2938, 11000
7, 2939, 1000
7, 3339, 4611
7, 4580, 2000
7, 4581, 3000
7, 4761, 1000
7, 4762, 2000
7, 4763, 1000
7, 4765, 2000
7, 4766, 2000
7, 4934, 5611
7, 5244, 2000
7, 5639, 1000
7, 5640, 1000
7, 3636, 4000
7, 4418, 1000
7, 4419, 4000
7, 4420, 2000
7, 1216, 3111
7, 3510, 1000
7, 3511, 3439
7, 3512, 1000
7, 3629, 5111
7, 4422, 4000
7, 4423, 4111
7, 4415, 11000
7, 4416, 1000
7, 4417, 1000
7, 4537, 2000
7, 4538, 2000
7, 4429, 1000
7, 4430, 2000
7, 4431, 2000
7, 4432, 3000
7, 607, 2111
7, 4424, 1000
7, 4425, 3000
7, 4427, 2000
7, 4428, 2111
7, 4421, 1000
7, 4435, 10000
7, 1035, 1000
7, 1037, 4111
7, 1038, 3000
7, 2956, 1111
7, 2957, 1111
7, 2958, 2111
7, 3399, 1000
7, 3400, 1000
7, 3401, 1000
7, 3402, 4000
7, 2969, 1111
7, 2970, 2222
7, 2971, 3361
7, 4443, 1111
7, 1058, 3111
7, 1059, 2000
7, 1060, 4111
7, 1063, 1000
7, 1065, 1000
7, 2987, 1000
7, 2988, 1000
7, 2989, 1000
7, 2990, 1000
7, 2991, 2000
7, 2993, 2000
7, 2994, 3000
7, 1821, 2111
7, 4446, 1000
7, 4447, 2000
7, 4448, 2111
7, 4439, 4361
7, 4440, 1000
7, 4441, 3250
7, 4442, 2000
7, 4436, 2000
7, 4437, 2000
7, 1078, 2111
7, 1080, 1111
7, 1082, 2111
7, 1083, 1111
7, 1720, 5000
7, 2978, 1322
7, 2979, 1000
7, 2980, 2000
7, 2983, 1000
7, 2985, 1111
7, 2986, 2111
7, 1099, 1111
7, 1101, 1111
7, 1102, 2222
7, 1104, 2222
7, 1105, 2111
7, 1106, 2111
7, 1110, 1111
7, 1111, 1111
7, 1112, 1111
7, 1113, 1111
7, 1116, 2111
7, 3021, 4000
7, 3022, 6111
7, 1119, 1000
7, 1120, 7333
7, 1121, 1000
7, 2997, 4000
7, 2998, 1000
7, 2999, 2000
7, 3001, 2000
7, 1635, 3111
7, 1650, 3000
7, 4444, 1000
7, 3148, 5000
7, 3158, 10000
7, 1138, 3000
7, 1139, 3323
7, 1141, 2000
7, 3015, 2222
7, 3011, 1000
7, 3012, 1000
7, 3013, 1000
7, 3024, 1714
7, 3025, 1000
7, 3026, 1000
7, 1761, 3000
7, 4445, 3000
7, 4532, 2000
7, 5179, 3111
7, 5324, 1000
7, 5326, 1000
7, 1667, 2111
7, 4457, 1111
7, 709, 1000
7, 4449, 1000
7, 4450, 2000
7, 4451, 2111
7, 4452, 1000
7, 4453, 4217
7, 4454, 1000
7, 4456, 1000
7, 4458, 2000
7, 1184, 3000
7, 4459, 3111
7, 4460, 1111
7, 4461, 3111
7, 4462, 4111
7, 4473, 2000
7, 4474, 3000
7, 4468, 3000
7, 4469, 3000
7, 4470, 1000
7, 3341, 1722
7, 3639, 294
7, 3640, 294
7, 3641, 294
7, 3642, 294
7, 3643, 294
7, 3644, 294
7, 3645, 294
7, 3646, 294
7, 3647, 294
7, 3648, 294
7, 3649, 294
7, 3650, 294
7, 3651, 294
7, 3652, 294
7, 3653, 294
7, 3655, 294
7, 3656, 294
7, 3657, 294
7, 3659, 294
7, 3660, 1405
7, 3661, 1294
7, 3662, 294
7, 3663, 294
7, 3664, 294
7, 3665, 294
7, 3666, 294
7, 3667, 294
7, 3668, 294
7, 3806, 4000
7, 4464, 2000
7, 4465, 2000
7, 1155, 1000
7, 1159, 1000
7, 3035, 6111
7, 3036, 1000
7, 3037, 1000
7, 3040, 1000
7, 3041, 1000
7, 3042, 1000
7, 3043, 1000
7, 4466, 1111
7, 4467, 2111
7, 4478, 3000
7, 4479, 1000
7, 4480, 1000
7, 3564, 3000
7, 4471, 1000
7, 4599, 5000
7, 4484, 3111
7, 4485, 3000
7, 1882, 5111
7, 4494, 1000
7, 4495, 1000
7, 4496, 1000
7, 4497, 1000
7, 4498, 1000
7, 4499, 2111
7, 3624, 1000
7, 3627, 1000
7, 3628, 1000
7, 4481, 1111
7, 4482, 1111
7, 4483, 2222
7, 1170, 2000
7, 3045, 1000
7, 3047, 2000
7, 3048, 2000
7, 3049, 1000
7, 4475, 1000
7, 4658, 5111
7, 5634, 5000
7, 1174, 1111
7, 1178, 3222
7, 5009, 1111
7, 4923, 1000
7, 4924, 1000
7, 4925, 1000
7, 4904, 4111
7, 4963, 1000
7, 4964, 1000
7, 4965, 1000
7, 4966, 12000
7, 4967, 1000
7, 1182, 1000
7, 1183, 1000
7, 1185, 1000
7, 1186, 1000
7, 1187, 1000
7, 1188, 1000
7, 1189, 1000
7, 1190, 1000
7, 3186, 1000
7, 130, 2772
7, 1384, 4432
7, 3552, 2344
7, 4825, 2344
7, 5241, 2344
7, 5487, 2344
7, 5494, 3455
7, 5717, 1344
7, 5785, 344
7, 5786, 344
7, 5787, 344
7, 5788, 3344
7, 3609, 2000
7, 4486, 2222
7, 4487, 6444
7, 4488, 1111
7, 4492, 3000
7, 1201, 1000
7, 1204, 1000
7, 1205, 1000
7, 1206, 1000
7, 1207, 1000
7, 3098, 2000
7, 3099, 1000
7, 3100, 2000
7, 3101, 1000
7, 3103, 1000
7, 3067, 3000
7, 3068, 1000
7, 3069, 3000
7, 3072, 1000
7, 3073, 1000
7, 3074, 1000
7, 3075, 1000
7, 3078, 1000
7, 4533, 4111
7, 4534, 3000
7, 3123, 2000
7, 4544, 1000
7, 4535, 1000
7, 4536, 1000
7, 4489, 1000
7, 4491, 11000
7, 4493, 2000
7, 4500, 1000
7, 1210, 1000
7, 1211, 4111
7, 1214, 2000
7, 1215, 2000
7, 3248, 1000
7, 3250, 2000
7, 3251, 2000
7, 3253, 3000
7, 3275, 5322
7, 3490, 1000
7, 1480, 4000
7, 4503, 4699
7, 4504, 1000
7, 1225, 1000
7, 1226, 1000
7, 3084, 4222
7, 3085, 1111
7, 3086, 2222
7, 3087, 2111
7, 3088, 3111
7, 4564, 1111
7, 4565, 2111
7, 3557, 3000
7, 4793, 7970
7, 5496, 2000
7, 6241, 1000
7, 6242, 1000
7, 5278, 11000
7, 4505, 1000
7, 4506, 1000
7, 4507, 4000
7, 4508, 3000
7, 4509, 1000
7, 4510, 2000
7, 4511, 2000
7, 4512, 2111
7, 4513, 1000
7, 4514, 1000
7, 4870, 2000
7, 4882, 5000
7, 3392, 3111
7, 3632, 3000
7, 3633, 1000
7, 3634, 4111
7, 3635, 7500
7, 3269, 3250
7, 1599, 3666
7, 1796, 1555
7, 4521, 555
7, 4522, 555
7, 4523, 555
7, 4524, 555
7, 4525, 555
7, 4526, 3555
7, 4527, 555
7, 4528, 555
7, 4529, 555
7, 4530, 555
7, 4531, 555
7, 4517, 1111
7, 4518, 2111
7, 4519, 2111
7, 4520, 2111
7, 1238, 1111
7, 1241, 1111
7, 1242, 1111
7, 1244, 1111
7, 3106, 2111
7, 3108, 2111
7, 1057, 1000
7, 1253, 1000
7, 1254, 1000
7, 4541, 2000
7, 1767, 3000
7, 4545, 1000
7, 1261, 4111
7, 1262, 3111
7, 1263, 1111
7, 1266, 2111
7, 3120, 4500
7, 3121, 2000
7, 3122, 2000
7, 3125, 4000
7, 3126, 2000
7, 4542, 1000
7, 4543, 1000
7, 4573, 2666
7, 4641, 9888
7, 3128, 2000
7, 3153, 3217
7, 3154, 1000
7, 3155, 1000
7, 3157, 1000
7, 5199, 2000
7, 3130, 1000
7, 3131, 1000
7, 3132, 3111
7, 3133, 4000
7, 3135, 1000
7, 4548, 2000
7, 4551, 4000
7, 4552, 1000
7, 1293, 1000
7, 3143, 1111
7, 3145, 1111
7, 4546, 1000
7, 4547, 1000
7, 1387, 4000
7, 5931, 3319
7, 6071, 3000
7, 4549, 1000
7, 4550, 1000
7, 1295, 2000
7, 1296, 1000
7, 1298, 1000
7, 3326, 2000
7, 3527, 1111
7, 3189, 3111
7, 3190, 4000
7, 1409, 3000
7, 4554, 1000
7, 4555, 1000
7, 1308, 1000
7, 1312, 1000
7, 1314, 1000
7, 1315, 1000
7, 3181, 5000
7, 3182, 2000
7, 3183, 2000
7, 4818, 2526
7, 4891, 3748
7, 5414, 2526
7, 5895, 1526
7, 5916, 1637
7, 6061, 526
7, 6062, 526
7, 4566, 1111
7, 4567, 1111
7, 4568, 1111
7, 4556, 1000
7, 4557, 1000
7, 4558, 2000
7, 4559, 3000
7, 4560, 1000
7, 4561, 1000
7, 4562, 1000
7, 4585, 1000
7, 4586, 5000
7, 4587, 12000
7, 4571, 2000
7, 1530, 5000
7, 3178, 2000
7, 3325, 2433
7, 4572, 1000
7, 4574, 1000
7, 4575, 1000
7, 4576, 1000
7, 728, 1000
7, 1505, 4000
7, 4582, 1000
7, 4583, 3111
7, 4577, 2000
7, 4579, 1000
7, 3202, 2111
7, 3203, 1111
7, 4590, 1000
7, 1357, 1111
7, 1360, 1111
7, 3206, 1000
7, 3208, 1000
7, 3223, 4361
7, 4588, 2000
7, 4589, 6000
7, 4591, 1111
7, 4592, 2000
7, 4593, 1000
7, 4609, 2000
7, 4610, 2000
7, 1363, 1000
7, 1368, 1000
7, 1369, 2000
7, 3222, 1000
7, 4594, 1000
7, 4595, 1000
7, 4596, 1000
7, 4597, 3111
7, 4598, 3000
7, 1768, 3000
7, 1769, 1000
7, 1771, 1000
7, 1774, 1000
7, 4600, 2111
7, 4601, 1111
7, 4602, 1111
7, 4603, 3111
7, 4604, 1000
7, 4605, 1000
7, 4606, 2000
7, 4607, 2000
7, 4608, 2000
7, 1135, 4000
7, 3224, 3000
7, 3225, 2000
7, 3226, 1000
7, 3438, 1212
7, 4611, 1000
7, 4612, 1000
7, 4613, 3000
7, 1381, 2000
7, 1386, 1000
7, 4620, 1000
7, 4621, 1000
7, 4622, 2000
7, 4915, 5111
7, 5513, 1000
7, 5514, 3000
7, 5515, 1000
7, 1192, 4000
7, 4992, 2000
7, 5725, 1000
7, 5858, 10000
7, 4885, 9111
7, 5546, 4222
7, 5655, 2000
7, 5980, 2000
7, 5981, 1000
7, 5982, 1000
7, 4614, 2666
7, 4615, 1000
7, 4616, 1000
7, 3281, 1000
7, 4617, 2000
7, 4618, 1000
7, 4619, 2000
7, 4709, 10000
7, 4648, 1000
7, 4649, 1000
7, 4650, 1000
7, 4651, 1000
7, 4652, 2000
7, 1399, 1428
7, 3243, 13111
7, 3245, 2111
7, 3246, 1000
7, 3262, 2000
7, 3263, 1000
7, 3264, 2000
7, 3265, 1000
7, 3267, 1000
7, 3268, 1000
7, 3254, 1111
7, 3255, 1111
7, 120, 2000
7, 1758, 2000
7, 4626, 2000
7, 4627, 1000
7, 4629, 3000
7, 4630, 1000
7, 4631, 1000
7, 4632, 2000
7, 321, 2000
7, 4625, 6222
7, 4638, 2250
7, 4639, 4250
7, 3358, 4222
7, 4636, 2111
7, 4637, 1111
7, 3605, 2222
7, 5490, 5000
7, 5491, 5000
7, 4633, 2000
7, 4634, 1000
7, 3601, 4111
7, 1404, 2000
7, 1405, 2111
7, 1406, 1000
7, 1410, 1000
7, 3274, 1000
7, 3277, 3000
7, 3278, 1000
7, 4644, 10000
7, 3270, 6000
7, 4642, 2000
7, 4643, 3000
7, 4645, 2111
7, 4647, 1111
7, 4654, 3000
7, 4655, 7944
7, 4656, 1000
7, 5638, 3000
7, 6036, 1000
7, 6037, 1000
7, 6038, 1000
7, 5396, 1111
7, 1550, 2000
7, 1551, 1000
7, 1552, 2000
7, 1553, 2000
7, 1554, 2111
7, 4663, 3000
7, 4657, 2000
7, 4659, 2000
7, 4660, 2111
7, 4661, 1000
7, 3291, 1000
7, 3293, 5433
7, 3294, 1000
7, 3524, 6000
7, 4662, 1000
7, 1446, 1000
7, 1448, 1000
7, 1449, 1000
7, 1450, 1000
7, 1452, 1000
7, 1455, 1000
7, 4664, 4111
7, 4665, 2111
7, 4666, 1000
7, 4667, 2000
7, 4668, 2000
7, 1461, 10000
7, 1463, 1000
7, 1464, 1000
7, 1465, 1000
7, 1467, 1000
7, 1468, 1000
7, 1469, 1000
7, 1470, 1000
7, 1472, 1000
7, 4671, 1000
7, 4672, 1000
7, 4678, 10000
7, 4675, 6000
7, 1479, 1000
7, 1483, 1000
7, 1484, 2000
7, 3324, 1111
7, 1496, 10000
7, 1499, 1000
7, 1501, 12000
7, 1502, 1000
7, 3499, 3000
7, 4673, 1000
7, 4674, 1000
7, 1508, 1000
7, 1510, 1000
7, 1513, 2000
7, 1514, 1000
7, 1519, 10000
7, 3348, 2000
7, 4690, 1000
7, 4691, 2000
7, 4692, 1000
7, 1521, 1000
7, 1523, 1000
7, 1525, 1000
7, 3330, 1000
7, 3331, 3000
7, 3333, 1000
7, 4676, 3000
7, 4677, 3000
7, 5004, 3000
7, 5497, 1111
7, 5550, 1000
7, 5551, 1000
7, 5552, 11000
7, 6150, 10000
7, 6013, 1208
7, 6151, 2000
7, 6152, 1000
7, 6153, 1000
7, 3338, 2500
7, 3340, 2500
7, 1837, 12111
7, 4682, 1250
7, 3360, 1000
7, 3361, 1000
7, 1009, 1428
7, 197, 1000
7, 1672, 2111
7, 3389, 2111
7, 3390, 1000
7, 3391, 1000
7, 3393, 1000
7, 4683, 1000
7, 4684, 2000
7, 4700, 1000
7, 4701, 1000
7, 4702, 3000
7, 4703, 1000
7, 952, 1000
7, 1388, 3000
7, 4685, 1000
7, 4686, 2111
7, 4687, 3000
7, 4710, 1000
7, 4712, 2000
7, 4713, 1000
7, 1816, 2000
7, 1566, 1000
7, 1567, 1000
7, 3353, 1000
7, 3355, 2000
7, 4693, 2000
7, 4694, 4000
7, 4696, 1000
7, 1572, 1000
7, 1576, 1000
7, 3356, 2000
7, 3359, 2250
7, 3606, 2111
7, 4697, 1000
7, 4698, 1000
7, 4699, 1000
7, 4753, 1000
7, 1578, 5000
7, 1580, 1111
7, 1582, 1111
7, 1791, 3111
7, 3372, 2222
7, 4707, 2500
7, 4708, 2500
7, 1586, 1000
7, 1593, 1000
7, 3369, 2222
7, 3370, 11111
7, 4705, 1111
7, 4706, 11111
7, 1855, 3000
7, 4715, 1000
7, 1597, 3000
7, 1603, 1000
7, 3378, 3500
7, 1617, 2000
7, 1619, 3000
7, 1621, 1000
7, 1622, 1000
7, 1623, 1000
7, 4719, 2111
7, 4720, 2111
7, 4721, 2111
7, 4722, 1111
7, 4723, 4111
7, 4724, 1111
7, 1627, 2000
7, 1630, 2000
7, 340, 1000
7, 3379, 1000
7, 3380, 1000
7, 3381, 1000
7, 4716, 2111
7, 4717, 1111
7, 4718, 3361
7, 1634, 1111
7, 1638, 1111
7, 1639, 1111
7, 1640, 1111
7, 3386, 4000
7, 3387, 1000
7, 3388, 3000
7, 1673, 10000
7, 1802, 3250
7, 4725, 1000
7, 4726, 2000
7, 4731, 2361
7, 4732, 2361
7, 4727, 3111
7, 4728, 1111
7, 4729, 1111
7, 4730, 1111
7, 1649, 10000
7, 3396, 1250
7, 3398, 1250
7, 4733, 12000
7, 4734, 3000
7, 4743, 1000
7, 4744, 1000
7, 4745, 1000
7, 526, 1000
7, 1652, 5250
7, 1654, 3000
7, 3404, 5111
7, 3406, 1000
7, 3407, 5000
7, 4735, 7250
7, 4736, 1000
7, 4737, 1000
7, 4739, 4000
7, 4740, 4000
7, 4742, 1000
7, 1660, 1000
7, 1662, 1000
7, 1663, 1000
7, 1664, 2111
7, 3412, 2250
7, 3571, 3666
7, 4754, 6000
7, 4750, 1111
7, 4751, 2111
7, 4746, 2111
7, 4747, 1000
7, 4748, 1000
7, 4749, 1000
7, 4831, 1000
7, 4832, 1000
7, 4833, 1000
7, 4803, 1111
7, 1172, 1000
7, 5082, 1000
7, 3422, 1212
7, 5043, 2000
7, 5507, 3111
7, 5508, 4222
7, 3449, 1000
7, 1676, 2111
7, 1678, 1000
7, 1680, 1000
7, 1681, 1000
7, 3420, 212
7, 3424, 212
7, 3425, 212
7, 3426, 212
7, 3427, 212
7, 3428, 1212
7, 3430, 212
7, 3432, 212
7, 3434, 212
7, 3435, 212
7, 3436, 212
7, 3437, 212
7, 4755, 1000
7, 4756, 3111
7, 4757, 3000
7, 4758, 10000
7, 4824, 3333
7, 1684, 10000
7, 1686, 1000
7, 1687, 1000
7, 3440, 2714
7, 3669, 10000
7, 4838, 3413
7, 4840, 2714
7, 4841, 3714
7, 4842, 714
7, 4843, 714
7, 1693, 1000
7, 1694, 3111
7, 1696, 1000
7, 1698, 3111
7, 3443, 1250
7, 3444, 1250
7, 3445, 1250
7, 3446, 6361
7, 3447, 1250
7, 3450, 1000
7, 3451, 1000
7, 3452, 2000
7, 3454, 1000
7, 4759, 3000
7, 4760, 1000
7, 4767, 1111
7, 4768, 1111
7, 4769, 2000
7, 4770, 5611
7, 4771, 3111
7, 4772, 2000
7, 4773, 1000
7, 4774, 1000
7, 4775, 1111
7, 4776, 3111
7, 4777, 1111
7, 4780, 1111
7, 1713, 10000
7, 3472, 1000
7, 3473, 3111
7, 3474, 1000
7, 4778, 1111
7, 4779, 4111
7, 1715, 2000
7, 3476, 11111
7, 1723, 10000
7, 1732, 1000
7, 4826, 2000
7, 3528, 1111
7, 3529, 1111
7, 3498, 2111
7, 4797, 11000
7, 4798, 2000
7, 4799, 3000
7, 4800, 1000
7, 4801, 4000
7, 1743, 2000
7, 1745, 1000
7, 1746, 1000
7, 3500, 1000
7, 3502, 1000
7, 3503, 3000
7, 3504, 2111
7, 3505, 1000
7, 4782, 2000
7, 4783, 3000
7, 4784, 3000
7, 4785, 1000
7, 4786, 1000
7, 4787, 1000
7, 4788, 5333
7, 1751, 2111
7, 3513, 2000
7, 3514, 2000
7, 4789, 2000
7, 4790, 1000
7, 4791, 1000
7, 4792, 1000
7, 4872, 4111
7, 4883, 4361
7, 1757, 3000
7, 1759, 1000
7, 3520, 1000
7, 3521, 1000
7, 3522, 1000
7, 3523, 4000
7, 3525, 1000
7, 4794, 2000
7, 4795, 1000
7, 4796, 3000
7, 3583, 2000
7, 4802, 2000
7, 3674, 4111
7, 1793, 1000
7, 3541, 1250
7, 4899, 1000
7, 4804, 3250
7, 4805, 1250
7, 4807, 1250
7, 4808, 1000
7, 4809, 3111
7, 4810, 2000
7, 1795, 1000
7, 1804, 3000
7, 3542, 2000
7, 3543, 5000
7, 3545, 1000
7, 4811, 3111
7, 4812, 3111
7, 4813, 15222
7, 4814, 2111
7, 4815, 2000
7, 1794, 2000
7, 1818, 2000
7, 1819, 1000
7, 1820, 1000
7, 3553, 2000
7, 3556, 1000
7, 3567, 1000
7, 3559, 1000
7, 3560, 1000
7, 3561, 1000
7, 3562, 4000
7, 4819, 1000
7, 4820, 1000
7, 4823, 1250
7, 4816, 1000
7, 4817, 1000
7, 4827, 1111
7, 4821, 2000
7, 4822, 1000
7, 1823, 1000
7, 1825, 1000
7, 1154, 1000
7, 3584, 1000
7, 3614, 3000
7, 4836, 1000
7, 4837, 1000
7, 1835, 1111
7, 1838, 3333
7, 1839, 1111
7, 3591, 1000
7, 3592, 1000
7, 4834, 1000
7, 4835, 1000
7, 1848, 2000
7, 1851, 1000
7, 1853, 1000
7, 3600, 2000
7, 4847, 3000
7, 4848, 2000
7, 4849, 1000
7, 4850, 1000
7, 4851, 1000
7, 4852, 2000
7, 4853, 2000
7, 1857, 1111
7, 1858, 1111
7, 3610, 1000
7, 3611, 1000
7, 3799, 1000
7, 3800, 1000
7, 3802, 1000
7, 3803, 1000
7, 3805, 2000
7, 4855, 11000
7, 4856, 1250
7, 4857, 1250
7, 4866, 3000
7, 5848, 1000
7, 5849, 1000
7, 5850, 5088
7, 5851, 1000
7, 5852, 1833
7, 5853, 1000
7, 1869, 1000
7, 4864, 1250
7, 4865, 1250
7, 4858, 1000
7, 4859, 1000
7, 4860, 1000
7, 4861, 2000
7, 4862, 1000
7, 4863, 1000
7, 3620, 2000
7, 3621, 2000
7, 3622, 1000
7, 3623, 1000
7, 1879, 1000
7, 1880, 2000
7, 1883, 2000
7, 1884, 2000
7, 3630, 2000
7, 3631, 1000
7, 3673, 1000
7, 4871, 5111
7, 4873, 2217
7, 4874, 2000
7, 4875, 2000
7, 4867, 3000
7, 4869, 2000
7, 3638, 1000
7, 4879, 1111
7, 4880, 4222
7, 4881, 2000
7, 4884, 2000
7, 4886, 1000
7, 4887, 1000
7, 4971, 1000
7, 4972, 1000
7, 4888, 1000
7, 4889, 4000
7, 4890, 2111
7, 4893, 4111
7, 4959, 3333
7, 4905, 1000
7, 4900, 1000
7, 4901, 1000
7, 4902, 1000
7, 4903, 2000
7, 4908, 2000
7, 4909, 3000
7, 5688, 3111
7, 5823, 4333
7, 6138, 1111
7, 4910, 1000
7, 4911, 1000
7, 4912, 2217
7, 4916, 2111
7, 4917, 2539
7, 4930, 2250
7, 5681, 1000
7, 5682, 1000
7, 5683, 1000
7, 5684, 1000
7, 5685, 3000
7, 5686, 3000
7, 5687, 1000
7, 4920, 1000
7, 4921, 2000
7, 4918, 2000
7, 4919, 3000
7, 4926, 2000
7, 4927, 1000
7, 4928, 2000
7, 4922, 1000
7, 4929, 5111
7, 4932, 1111
7, 4933, 1111
7, 5089, 2000
7, 5891, 1000
7, 5892, 1000
7, 5893, 1000
7, 5894, 1000
7, 4931, 1000
7, 631, 1000
7, 5275, 1000
7, 5633, 4000
7, 4936, 1000
7, 4937, 1000
7, 4938, 1000
7, 4935, 1000
7, 4939, 3111
7, 4940, 4000
7, 4941, 1000
7, 4942, 2000
7, 4943, 11000
7, 1729, 1000
7, 4946, 1000
7, 4947, 1000
7, 4948, 1000
7, 4949, 1000
7, 4950, 3000
7, 4951, 2000
7, 4952, 1000
7, 5024, 1111
7, 5025, 1111
7, 5028, 2000
7, 4954, 1000
7, 4955, 2000
7, 4956, 1000
7, 4958, 2111
7, 5155, 8611
7, 5229, 4000
7, 5267, 2111
7, 5937, 1000
7, 5938, 1000
7, 5939, 1000
7, 4968, 1000
7, 4969, 2000
7, 5264, 2111
7, 5337, 2000
7, 4960, 3111
7, 4961, 5111
7, 4962, 1000
7, 4977, 1000
7, 4978, 3111
7, 4984, 1000
7, 4985, 2000
7, 4986, 13111
7, 4987, 2000
7, 4975, 1000
7, 4976, 2111
7, 4988, 2000
7, 4989, 1000
7, 4990, 1000
7, 4981, 2000
7, 4982, 1000
7, 4983, 1000
7, 4998, 3000
7, 4999, 1000
7, 5000, 2000
7, 4991, 1000
7, 4993, 2000
7, 4994, 1000
7, 1605, 1111
7, 4995, 1111
7, 5300, 15000
7, 5781, 2111
7, 5782, 1000
7, 5002, 1000
7, 5003, 1000
7, 4996, 1000
7, 4997, 1000
7, 5005, 1000
7, 5006, 1000
7, 5007, 1000
7, 5051, 3828
7, 5008, 1000
7, 5088, 2000
7, 5889, 1000
7, 5890, 11000
7, 5010, 1000
7, 5011, 1000
7, 5012, 3000
7, 6182, 1000
7, 5303, 2000
7, 5451, 12111
7, 5021, 1000
7, 5019, 1000
7, 5020, 1000
7, 5018, 1000
7, 5022, 2111
7, 5023, 2000
7, 5026, 1000
7, 5027, 1000
7, 5036, 2000
7, 5037, 3000
7, 5029, 1217
7, 5030, 1000
7, 5031, 1000
7, 5032, 1000
7, 5033, 1000
7, 5034, 1000
7, 5035, 1000
7, 5049, 4822
7, 5050, 3000
7, 5272, 2000
7, 5671, 1000
7, 5407, 13333
7, 5038, 2000
7, 5042, 1000
7, 5044, 1000
7, 5045, 1111
7, 5046, 1111
7, 5047, 2222
7, 5124, 3333
7, 5125, 3333
7, 5052, 1000
7, 5923, 2111
7, 5924, 1111
7, 5925, 1111
7, 5926, 1111
7, 5054, 1000
7, 5055, 1000
7, 5066, 1111
7, 5067, 1111
7, 5069, 1111
7, 5057, 1666
7, 5058, 2111
7, 5059, 2111
7, 5060, 1000
7, 5061, 1000
7, 5062, 1000
7, 5063, 2000
7, 5064, 1000
7, 5065, 2000
7, 5072, 1000
7, 5073, 2000
7, 5070, 1000
7, 5071, 1000
7, 5076, 2222
7, 656, 1000
7, 5074, 3111
7, 5075, 1000
7, 5077, 1000
7, 5281, 3000
7, 5299, 2000
7, 5510, 5361
7, 5657, 4000
7, 5083, 2000
7, 5084, 1000
7, 5081, 5222
7, 5078, 1000
7, 5079, 1000
7, 5080, 3000
7, 5086, 14111
7, 5087, 1000
7, 5097, 3000
7, 5098, 1000
7, 5103, 1111
7, 5105, 12000
7, 5091, 10000
7, 5090, 1000
7, 5099, 1000
7, 5101, 3222
7, 5102, 2000
7, 5361, 2000
7, 5291, 4222
7, 5601, 3111
7, 5927, 1000
7, 5928, 1000
7, 5929, 1000
7, 5096, 12000
7, 5104, 1000
7, 5109, 1000
7, 5110, 3000
7, 5111, 1000
7, 5112, 1000
7, 5113, 1000
7, 5814, 1111
7, 5815, 3222
7, 5129, 2428
7, 5130, 1428
7, 5131, 1111
7, 5132, 1111
7, 5118, 4250
7, 5119, 1000
7, 5120, 1000
7, 5121, 3000
7, 787, 2000
7, 5122, 1000
7, 5123, 1111
7, 5146, 1000
7, 5147, 1000
7, 5148, 1000
7, 5133, 2111
7, 5134, 1000
7, 5135, 1000
7, 5136, 1000
7, 1799, 1111
7, 5149, 2111
7, 5141, 2000
7, 5142, 1000
7, 5143, 1000
7, 5144, 1000
7, 5145, 1000
7, 5150, 2000
7, 5151, 1000
7, 5152, 1000
7, 5153, 1000
7, 5053, 2000
7, 5156, 3111
7, 5415, 3111
7, 5812, 1000
7, 5813, 1000
7, 5157, 11000
7, 5158, 1000
7, 5161, 2000
7, 5160, 1000
7, 5670, 1000
7, 5992, 2000
7, 5997, 1000
7, 5998, 1000
7, 5999, 3000
7, 5169, 10000
7, 5166, 1000
7, 5167, 1000
7, 5168, 12000
7, 5178, 2000
7, 5180, 1111
7, 5181, 1000
7, 5183, 588
7, 5184, 1796
7, 5185, 1588
7, 5186, 2588
7, 5187, 1588
7, 5188, 588
7, 5190, 588
7, 5191, 1588
7, 5193, 1000
7, 5194, 1000
7, 5195, 1000
7, 5196, 2000
7, 5197, 1000
7, 5198, 1000
7, 1632, 1000
7, 5202, 1111
7, 5203, 1111
7, 5204, 2111
7, 5200, 2222
7, 5201, 1111
7, 5395, 2322
7, 5816, 3655
7, 5888, 1322
7, 5952, 1322
7, 5966, 1322
7, 6022, 530
7, 6157, 322
7, 6158, 322
7, 6159, 1322
7, 6160, 322
7, 6161, 322
7, 6162, 322
7, 6163, 322
7, 6164, 322
7, 6165, 322
7, 6166, 2433
7, 5529, 3000
7, 5970, 2000
7, 6011, 1588
7, 6284, 1000
7, 6285, 1000
7, 6286, 1000
7, 6287, 3000
7, 6288, 1000
7, 5205, 1000
7, 5206, 1000
7, 5207, 1000
7, 5208, 1000
7, 5214, 1000
7, 5215, 1000
7, 5216, 2000
7, 5758, 2000
7, 5220, 4500
7, 5221, 1000
7, 5217, 1000
7, 5218, 1000
7, 5219, 1000
7, 5226, 1000
7, 5227, 1000
7, 5228, 3000
7, 5230, 3111
7, 5240, 1000
7, 5323, 3666
7, 5222, 2000
7, 5225, 1000
7, 5223, 1000
7, 5232, 1111
7, 5233, 1111
7, 5234, 1111
7, 5242, 1000
7, 5243, 1000
7, 5245, 2000
7, 5231, 2111
7, 5252, 1000
7, 5253, 2000
7, 5254, 13500
7, 5255, 1000
7, 5256, 1000
7, 5257, 1000
7, 5258, 1000
7, 5259, 1000
7, 5251, 1000
7, 5246, 1111
7, 5247, 1000
7, 5260, 1000
7, 5261, 4111
7, 5262, 1000
7, 5345, 2500
7, 5263, 2111
7, 5248, 1666
7, 5249, 1666
7, 5250, 1000
7, 5265, 1111
7, 5266, 2111
7, 5268, 2111
7, 5270, 1111
7, 5271, 1111
7, 5269, 2111
7, 5276, 2000
7, 5279, 1000
7, 5280, 1000
7, 5282, 2000
7, 5283, 13111
7, 5273, 1000
7, 5274, 1000
7, 5284, 1000
7, 5288, 3111
7, 5290, 1000
7, 5287, 2111
7, 5285, 2000
7, 5286, 1000
7, 5292, 2111
7, 5293, 2000
7, 5294, 1000
7, 5295, 2111
7, 5296, 2000
7, 5297, 1000
7, 5298, 1000
7, 5301, 3000
7, 701, 1000
7, 5339, 2000
7, 5352, 3000
7, 5302, 1000
7, 5308, 2000
7, 5309, 1000
7, 5313, 1000
7, 5314, 3000
7, 5315, 3111
7, 5316, 11000
7, 5317, 1000
7, 5318, 1000
7, 5319, 1000
7, 5321, 2217
7, 5322, 1000
7, 5749, 3111
7, 5763, 2111
7, 5764, 2111
7, 5805, 1111
7, 5392, 6000
7, 5320, 1000
7, 5327, 2000
7, 5331, 1000
7, 5332, 1000
7, 5328, 2222
7, 5329, 1111
7, 5330, 1111
7, 5336, 1000
7, 5340, 1111
7, 5341, 2111
7, 1577, 1000
7, 5344, 2000
7, 5348, 2588
7, 5349, 2000
7, 6249, 1000
7, 6250, 1000
7, 6251, 1000
7, 6252, 1000
7, 5346, 1000
7, 5347, 1000
7, 5353, 2111
7, 5350, 2111
7, 5351, 1000
7, 5354, 1250
7, 5355, 1250
7, 5356, 1250
7, 5357, 2361
7, 5358, 1250
7, 5359, 1000
7, 5360, 1000
7, 5376, 10000
7, 617, 1000
7, 1616, 1833
7, 5362, 1000
7, 5363, 1000
7, 5364, 1000
7, 5365, 1111
7, 5367, 1000
7, 5368, 3000
7, 5382, 1000
7, 5383, 1000
7, 5366, 1000
7, 5380, 10000
7, 5369, 5222
7, 5370, 1000
7, 5371, 1000
7, 5372, 1000
7, 5373, 4111
7, 5374, 1000
7, 5375, 1000
7, 5381, 10000
7, 5377, 1000
7, 5378, 3000
7, 5379, 1000
7, 5386, 1000
7, 5387, 1000
7, 5388, 2000
7, 5389, 1000
7, 5390, 1000
7, 5384, 1000
7, 5385, 1000
7, 5391, 1111
7, 5393, 3500
7, 5394, 1000
7, 5397, 1000
7, 5398, 2000
7, 5399, 1111
7, 5400, 1111
7, 5401, 1111
7, 5402, 1111
7, 5406, 4000
7, 5342, 1111
7, 5408, 1111
7, 5409, 1111
7, 5410, 1111
7, 5954, 833
7, 5955, 833
7, 6137, 1000
7, 5411, 1000
7, 5434, 4500
7, 5435, 2500
7, 5436, 3500
7, 5412, 1000
7, 5413, 1000
7, 5416, 1000
7, 5421, 1000
7, 5422, 1000
7, 5423, 1000
7, 5424, 1000
7, 5419, 1250
7, 5420, 1250
7, 5425, 4000
7, 5426, 1000
7, 5427, 2000
7, 5430, 1111
7, 5431, 1111
7, 5432, 2222
7, 5433, 1111
7, 5438, 1000
7, 5439, 1000
7, 5440, 1000
7, 5441, 2000
7, 5442, 3111
7, 5443, 1111
7, 5444, 1111
7, 5445, 1111
7, 5446, 1111
7, 5456, 2000
7, 5453, 1000
7, 5447, 1000
7, 5448, 2000
7, 5461, 1000
7, 5473, 1666
7, 5474, 7999
7, 5475, 6666
7, 5454, 1111
7, 5455, 1111
7, 5457, 1000
7, 5458, 1000
7, 5459, 1000
7, 5460, 1000
7, 5467, 1000
7, 5462, 1588
7, 5464, 1000
7, 5465, 1000
7, 5466, 1000
7, 5469, 3111
7, 5470, 1000
7, 5477, 5000
7, 5471, 1000
7, 5472, 1000
7, 5485, 1000
7, 5486, 1000
7, 5488, 1000
7, 5489, 1000
7, 5492, 1000
7, 5493, 1000
7, 5495, 1000
7, 5499, 2000
7, 5500, 1000
7, 5498, 2250
7, 5503, 1000
7, 5504, 3000
7, 5505, 1000
7, 5506, 1111
7, 300, 1250
7, 5509, 1111
7, 5511, 2111
7, 5512, 1000
7, 5523, 2000
7, 5524, 1000
7, 5525, 10000
7, 5522, 1000
7, 5526, 1000
7, 5527, 1000
7, 5528, 2208
7, 508, 2500
7, 5531, 2500
7, 5532, 2500
7, 588, 1111
7, 5530, 1111
7, 1443, 1000
7, 5533, 1000
7, 5534, 2000
7, 5535, 2000
7, 5536, 2000
7, 5543, 1111
7, 5544, 1111
7, 5545, 2111
7, 5547, 1111
7, 5548, 1111
7, 5549, 1111
7, 5672, 11000
7, 5553, 1000
7, 5568, 1000
7, 5569, 2000
7, 5556, 3000
7, 5557, 2000
7, 5558, 1000
7, 5559, 1111
7, 5560, 1111
7, 5561, 1111
7, 5562, 2111
7, 5567, 2000
7, 5563, 2000
7, 5564, 2000
7, 5565, 2000
7, 5577, 10000
7, 6049, 10000
7, 5573, 1000
7, 5574, 1000
7, 5575, 1000
7, 5576, 3000
7, 1136, 1000
7, 5585, 1000
7, 5586, 1000
7, 5578, 2000
7, 5579, 1000
7, 5580, 3000
7, 5583, 10000
7, 5614, 3000
7, 5896, 2000
7, 6072, 1000
7, 5587, 1111
7, 5588, 1000
7, 5589, 2000
7, 5590, 1111
7, 5591, 1000
7, 5592, 1000
7, 5593, 3000
7, 5594, 2000
7, 5595, 1000
7, 5596, 1000
7, 5597, 1000
7, 5598, 1000
7, 1518, 1000
7, 5599, 1000
7, 5604, 11000
7, 6119, 2111
7, 6120, 2111
7, 6255, 1000
7, 6256, 1000
7, 6257, 1000
7, 5602, 1000
7, 5603, 2000
7, 5605, 1111
7, 5611, 5000
7, 5612, 2111
7, 5613, 1000
7, 5617, 3000
7, 5606, 1000
7, 5607, 2000
7, 5608, 1000
7, 5609, 1000
7, 5610, 1000
7, 5615, 3111
7, 5616, 2588
7, 5618, 1000
7, 5620, 1000
7, 1710, 1000
7, 5631, 1000
7, 5632, 1588
7, 5623, 10000
7, 5619, 1000
7, 5621, 1000
7, 5622, 1000
7, 5624, 1000
7, 5625, 1000
7, 5626, 3000
7, 5627, 3111
7, 5630, 1000
7, 599, 1000
7, 5635, 1000
7, 5636, 3000
7, 5637, 1000
7, 5789, 1000
7, 5790, 2111
7, 5791, 3000
7, 5792, 2000
7, 5793, 1000
7, 5794, 1000
7, 5643, 1000
7, 5641, 1000
7, 5644, 2000
7, 5646, 1000
7, 5654, 1000
7, 5647, 1000
7, 5648, 1000
7, 5649, 1000
7, 5650, 1000
7, 5651, 1000
7, 5652, 1000
7, 5656, 2000
7, 5658, 1111
7, 5659, 1111
7, 5673, 1000
7, 5674, 1000
7, 5678, 1000
7, 5679, 1000
7, 5680, 1000
7, 5689, 1000
7, 5690, 1000
7, 5691, 1111
7, 5692, 1111
7, 5693, 1111
7, 5694, 1111
7, 5700, 1000
7, 5701, 1000
7, 5695, 1000
7, 5696, 1000
7, 5697, 1000
7, 5698, 1000
7, 5699, 1000
7, 5710, 3111
7, 5711, 1000
7, 5712, 1000
7, 5713, 1000
7, 5702, 217
7, 5704, 2000
7, 5708, 1000
7, 5709, 1000
7, 5703, 2000
7, 5705, 1250
7, 5706, 1250
7, 5707, 1250
7, 5714, 2111
7, 5715, 2000
7, 5716, 1000
7, 5718, 1000
7, 5719, 2250
7, 5721, 1000
7, 5722, 1000
7, 5723, 2000
7, 5731, 3000
7, 5732, 1000
7, 5730, 1000
7, 5734, 3000
7, 5738, 1000
7, 5739, 1000
7, 5740, 1000
7, 5741, 1000
7, 5742, 1000
7, 5743, 1000
7, 5744, 1000
7, 5745, 1000
7, 5746, 1000
7, 5733, 10000
7, 5735, 2111
7, 5736, 1111
7, 5737, 1111
7, 5747, 2111
7, 5748, 2000
7, 5757, 2000
7, 5660, 1000
7, 5661, 1000
7, 5662, 1000
7, 5663, 1000
7, 5664, 1000
7, 5665, 1000
7, 5666, 1000
7, 5667, 1000
7, 5668, 1000
7, 5669, 1000
7, 5750, 1000
7, 5751, 1000
7, 5752, 1000
7, 5753, 1000
7, 5754, 11000
7, 5755, 1000
7, 5756, 2000
7, 5766, 2000
7, 5759, 1000
7, 5760, 1000
7, 5761, 1000
7, 5762, 1000
7, 5765, 2243
7, 5767, 3111
7, 5768, 1111
7, 5769, 1000
7, 5770, 1000
7, 5771, 2000
7, 5772, 1000
7, 5773, 1000
7, 5774, 1000
7, 5776, 1000
7, 5879, 2588
7, 6040, 10000
7, 5542, 2588
7, 5783, 588
7, 5784, 1588
7, 5798, 1111
7, 5799, 1000
7, 5800, 1111
7, 5801, 2000
7, 5802, 2111
7, 5803, 1000
7, 5804, 1000
7, 5809, 1000
7, 5810, 1000
7, 5811, 2000
7, 5820, 1000
7, 5821, 1000
7, 5822, 1000
7, 5817, 1000
7, 5827, 1000
7, 5828, 3000
7, 5818, 1000
7, 5819, 1000
7, 5824, 2111
7, 5825, 1111
7, 5826, 3111
7, 5829, 1111
7, 5830, 1111
7, 5831, 1111
7, 5832, 1111
7, 5833, 1111
7, 5834, 1111
7, 5835, 2000
7, 5839, 1000
7, 5836, 1000
7, 5837, 5000
7, 5838, 1000
7, 5882, 3333
7, 5841, 1000
7, 5842, 1000
7, 5843, 1000
7, 5844, 3000
7, 5847, 1000
7, 5845, 1000
7, 5846, 1000
7, 5854, 1000
7, 5855, 1000
7, 5856, 1250
7, 5857, 1250
7, 5859, 1111
7, 5860, 1111
7, 5861, 1111
7, 5862, 1111
7, 5863, 1111
7, 5864, 1111
7, 5865, 1111
7, 5866, 1000
7, 5867, 1000
7, 5902, 1000
7, 5903, 1000
7, 6292, 588
7, 6293, 588
7, 6294, 588
7, 6295, 588
7, 5871, 2000
7, 5872, 2208
7, 5873, 1000
7, 5874, 1000
7, 5875, 1000
7, 5876, 1000
7, 5877, 1000
7, 5878, 1000
7, 5887, 4111
7, 5883, 2000
7, 5885, 2000
7, 5886, 2000
7, 1495, 1000
7, 5897, 1000
7, 5898, 1000
7, 5899, 1000
7, 5900, 1000
7, 5901, 2000
7, 5904, 1000
7, 5905, 1000
7, 1665, 1000
7, 5906, 1000
7, 5907, 1000
7, 5908, 1000
7, 5912, 1111
7, 5913, 2111
7, 5910, 1000
7, 5911, 6222
7, 5914, 2000
7, 5915, 2000
7, 5918, 10000
7, 5917, 1111
7, 5921, 10000
7, 5919, 1111
7, 5920, 2111
7, 5922, 1111
7, 5930, 1000
7, 5932, 1208
7, 5936, 1000
7, 5933, 2000
7, 5934, 2000
7, 5935, 1111
7, 5975, 3611
7, 5943, 10000
7, 5944, 1000
7, 5945, 1000
7, 5946, 1000
7, 5947, 1000
7, 5948, 1000
7, 5949, 1000
7, 5950, 1000
7, 5951, 1000
7, 5953, 1000
7, 5961, 1000
7, 5956, 1111
7, 5957, 1111
7, 5962, 3000
7, 5963, 1000
7, 5967, 1000
7, 5964, 1000
7, 5965, 1000
7, 5968, 1111
7, 5969, 1111
7, 5971, 1250
7, 5972, 1250
7, 6008, 588
7, 6009, 588
7, 6010, 588
7, 5976, 2111
7, 5977, 2111
7, 5979, 2111
7, 5983, 1000
7, 5984, 1000
7, 5985, 1000
7, 5986, 1000
7, 5987, 1000
7, 5988, 5000
7, 5989, 2000
7, 5990, 1000
7, 5991, 1000
7, 5993, 1000
7, 5994, 1000
7, 5995, 1000
7, 5996, 1000
7, 6002, 1000
7, 6003, 1000
7, 6004, 1000
7, 6005, 2000
7, 6006, 1000
7, 6007, 2000
7, 6059, 1666
7, 6060, 1666
7, 6023, 2208
7, 6024, 1000
7, 6025, 1000
7, 6012, 208
7, 6014, 208
7, 6015, 208
7, 6016, 208
7, 6017, 208
7, 6018, 208
7, 6019, 208
7, 6020, 208
7, 6021, 208
7, 6026, 1111
7, 6027, 2222
7, 6028, 1111
7, 6029, 1111
7, 6030, 1111
7, 6031, 1000
7, 6032, 1000
7, 6033, 1000
7, 6034, 1000
7, 6035, 1000
7, 5538, 1000
7, 5539, 1000
7, 5540, 1000
7, 5869, 1000
7, 5870, 1000
7, 6300, 1000
7, 6042, 1000
7, 6043, 1000
7, 6044, 1000
7, 6045, 1000
7, 6046, 2250
7, 6047, 1000
7, 6048, 1000
7, 6041, 3000
7, 6050, 1000
7, 6051, 1000
7, 6052, 1000
7, 6053, 1000
7, 6056, 1000
7, 6057, 1000
7, 6058, 1000
7, 6054, 1111
7, 6055, 1111
7, 6063, 1111
7, 6064, 1111
7, 6065, 2111
7, 6066, 1000
7, 6067, 1000
7, 6070, 1000
7, 6068, 1000
7, 6069, 1000
7, 6076, 1000
7, 6077, 1000
7, 6078, 1000
7, 6079, 1000
7, 6080, 1000
7, 6081, 1000
7, 6082, 1000
7, 6083, 1000
7, 6084, 1000
7, 6085, 1000
7, 6086, 2000
7, 1460, 2500
7, 6088, 1000
7, 6089, 1000
7, 6090, 1111
7, 6091, 11000
7, 6092, 1000
7, 6093, 1000
7, 6096, 2111
7, 6094, 1000
7, 6095, 2000
7, 6097, 1000
7, 6098, 2000
7, 6099, 2111
7, 6100, 1000
7, 6101, 1000
7, 6102, 2000
7, 6103, 1000
7, 6104, 1000
7, 6109, 1000
7, 6110, 1000
7, 6111, 1000
7, 6105, 1000
7, 6106, 1000
7, 6107, 1000
7, 6112, 1111
7, 6113, 1111
7, 6114, 1111
7, 6115, 1111
7, 6116, 1111
7, 6117, 1111
7, 6118, 2111
7, 6134, 1111
7, 6135, 1111
7, 6136, 1111
7, 6123, 1000
7, 6124, 1000
7, 6125, 1000
7, 6126, 1000
7, 6127, 1000
7, 6128, 1000
7, 6129, 1000
7, 6130, 1000
7, 6139, 1000
7, 6140, 1000
7, 6141, 1000
7, 6142, 1000
7, 6143, 1000
7, 6144, 1000
7, 6145, 1000
7, 6146, 1000
7, 6147, 1000
7, 6148, 1000
7, 6149, 1000
7, 6154, 1000
7, 6155, 1000
7, 6156, 1000
7, 6167, 1111
7, 6169, 1000
7, 6170, 1111
7, 6171, 2111
7, 6237, 11000
7, 6172, 2111
7, 6173, 1111
7, 6174, 1000
7, 6175, 1000
7, 6176, 2000
7, 6177, 1000
7, 6178, 1000
7, 6179, 11000
7, 6180, 1000
7, 6280, 1111
7, 6281, 1111
7, 6195, 1000
7, 6196, 1000
7, 6189, 1000
7, 6190, 1000
7, 6191, 1000
7, 6192, 1000
7, 6193, 1000
7, 6194, 1000
7, 6183, 1000
7, 6184, 1000
7, 6185, 1000
7, 6186, 2000
7, 6187, 1000
7, 6188, 1000
7, 6233, 1000
7, 6197, 243
7, 6198, 243
7, 6199, 243
7, 6200, 243
7, 6201, 243
7, 6202, 243
7, 6203, 243
7, 6204, 243
7, 6205, 243
7, 6206, 243
7, 6207, 243
7, 6208, 243
7, 6209, 243
7, 6210, 243
7, 6211, 243
7, 6212, 243
7, 6213, 243
7, 6214, 243
7, 6215, 243
7, 6216, 243
7, 6217, 243
7, 6218, 243
7, 6219, 243
7, 6220, 243
7, 6221, 243
7, 6222, 243
7, 6223, 243
7, 6224, 243
7, 6225, 243
7, 6226, 243
7, 6227, 243
7, 6228, 243
7, 6229, 1000
7, 6230, 1111
7, 6231, 1111
7, 6268, 1000
7, 6269, 1000
7, 6270, 1000
7, 6262, 1000
7, 6263, 1000
7, 6264, 1000
7, 6265, 1000
7, 6266, 1000
7, 6267, 1000
7, 6234, 1000
7, 6235, 1000
7, 6238, 1000
7, 6239, 1000
7, 6240, 1000
7, 6236, 1000
7, 6243, 1000
7, 6244, 1000
7, 6245, 1000
7, 6247, 1000
7, 6248, 1000
7, 6246, 1111
7, 6289, 2500
7, 6253, 1000
7, 6254, 1000
7, 6258, 1000
7, 6259, 1000
7, 6260, 1000
7, 6261, 1000
7, 6271, 1000
7, 6272, 1000
7, 6273, 1000
7, 6282, 1250
7, 6283, 1250
7, 1379, 1000
7, 6274, 1000
7, 6275, 1000
7, 6276, 1111
7, 6277, 1111
7, 6278, 1111
7, 6291, 5000
7, 6290, 2000
7, 6296, 2000
7, 6297, 1111
7, 6298, 1111
7, 6299, 1111
1, 0, 6300
4,6300
1, 0, 6300


