0, 0x1a6f50
0, 0x1e2f60
2, 2
0, 0x1a6f60
0, 0x1e2f70
2, 2
0, 0x1a6f90
0, 0x1e2fa0
2, 2
0, 0x1a6f50
0, 0x1e2f60
2, 2
0, 0x1a6f60
0, 0x1e2f70
2, 2
0, 0x1a6f90
0, 0x1e2fa0
2, 2
0, 0x1a6f50
0, 0x1e2f60
2, 2
0, 0x1a6f60
0, 0x1e2f70
2, 2
0, 0x1a6f90
0, 0x1e2fa0
2, 2
0, 0x1a6f50
0, 0x1e2f60
2, 2
0, 0x1a6f60
0, 0x1e2f70
2, 2
0, 0x1a6f90
0, 0x1e2fa0
2, 2
0, 0x1a6f50
0, 0x1e2f60
2, 2
0, 0x1a6f60
0, 0x1e2f70
2, 2
0, 0x1a6f90
0, 0x1e2fa0
2, 2
0, 0x1a6f50
0, 0x1e2f60
2, 2
0, 0x1a6f60
0, 0x1e2f70
2, 2
0, 0x1a6f90
0, 0x1e2fa0
2, 2
0, 0x1a6f50
0, 0x1e2f60
2, 2
0, 0x1a6f60
0, 0x1e2f70
2, 2
0, 0x1a6f90
0, 0x1e2fa0
2, 2
0, 0x1a6f50
0, 0x1e2f60
2, 2
0, 0x1a6f60
0, 0x1e2f70
2, 2
0, 0x1a6f90
0, 0x1e2fa0
2, 2
0, 0x1a6f50
0, 0x1e2f60
2, 2
0, 0x1a6f60
0, 0x1e2f70
2, 2
0, 0x1a6f90
0, 0x1e2fa0
2, 2
